{"cumulativeDeaths":[0,0,0,0,0,0,0,0,0,0,0,0,0,0,0,0,0,0,0,0,0,0,0,0,0,0,0,0,0,0,0,0,0,0,0,0,0,0,0,0,0,0,0,0,0,0,0,0,0,0,0,0,0,0,0,0,0,0,0,0,0,0,0,0,0,0,0,0,0,1,1,1,1,1,1,1,1,1,1,1,1,1,1,1,1,1,1,1,1,1,1,1,1,1,1,1,1,1,1,1,1,1,1,1,1,1,1,1,1,1,1,1,1,1,1,1,1,1,1,1,1,1,1,1,1,1,1,1,1,1,1,1,1,1,1,1,1,1,1,1,1,1,1,1,1,1,1,1,1,1,1,1,1,1,1,1,1,1,1,1,1,1,1,1,1,1,1,1,1,1,1,1,1,1,1,1,1,1,1,1,1,1,1,1,1,1,1,2,2,2,2,2,2,2,2,2,2,2,2,2,2,2,2,2,3,3,3,3,3,3,3,3,3,3,3,3,3,3,3,3,3,6,6,6,6,6,8,8,8,9,9,9,10,10,10,10,11,11,11,13,13,13,13,13,13,13,16,16,16,16,16,16,16,16,16,16,16,16,18,18,18,18,18,18,20,20,20,20,20,20,20,21,21,21,21,21,21,21,21,21,21,24,24,24,24,24,24,24,27,27,27,27,27,27,27,27,27,27,27,30,30,30,31,31,31,31,31],"cumulativeDeathsPerMillion":[0,0,0,0,0,0,0,0,0,0,0,0,0,0,0,0,0,0,0,0,0,0,0,0,0,0,0,0,0,0,0,0,0,0,0,0,0,0,0,0,0,0,0,0,0,0,0,0,0,0,0,0,0,0,0,0,0,0,0,0,0,0,0,0,0,0,0,0,0,0.42523751,0.42523751,0.42523751,0.42523751,0.42523751,0.42523751,0.42523751,0.42523751,0.42523751,0.42523751,0.42523751,0.42523751,0.42523751,0.42523751,0.42523751,0.42523751,0.42523751,0.42523751,0.42523751,0.42523751,0.42523751,0.42523751,0.42523751,0.42523751,0.42523751,0.42523751,0.42523751,0.42523751,0.42523751,0.42523751,0.42523751,0.42523751,0.42523751,0.42523751,0.42523751,0.42523751,0.42523751,0.42523751,0.42523751,0.42523751,0.42523751,0.42523751,0.42523751,0.42523751,0.42523751,0.42523751,0.42523751,0.42523751,0.42523751,0.42523751,0.42523751,0.42523751,0.42523751,0.42523751,0.42523751,0.42523751,0.42523751,0.42523751,0.42523751,0.42523751,0.42523751,0.42523751,0.42523751,0.42523751,0.42523751,0.42523751,0.42523751,0.42523751,0.42523751,0.42523751,0.42523751,0.42523751,0.42523751,0.42523751,0.42523751,0.42523751,0.42523751,0.42523751,0.42523751,0.42523751,0.42523751,0.42523751,0.42523751,0.42523751,0.42523751,0.42523751,0.42523751,0.42523751,0.42523751,0.42523751,0.42523751,0.42523751,0.42523751,0.42523751,0.42523751,0.42523751,0.42523751,0.42523751,0.42523751,0.42523751,0.42523751,0.42523751,0.42523751,0.42523751,0.42523751,0.42523751,0.42523751,0.42523751,0.42523751,0.42523751,0.42523751,0.42523751,0.42523751,0.42523751,0.42523751,0.42523751,0.42523751,0.42523751,0.85047501,0.85047501,0.85047501,0.85047501,0.85047501,0.85047501,0.85047501,0.85047501,0.85047501,0.85047501,0.85047501,0.85047501,0.85047501,0.85047501,0.85047501,0.85047501,0.85047501,1.27571252,1.27571252,1.27571252,1.27571252,1.27571252,1.27571252,1.27571252,1.27571252,1.27571252,1.27571252,1.27571252,1.27571252,1.27571252,1.27571252,1.27571252,1.27571252,1.27571252,2.55142503,2.55142503,2.55142503,2.55142503,2.55142503,3.40190005,3.40190005,3.40190005,3.82713755,3.82713755,3.82713755,4.25237506,4.25237506,4.25237506,4.25237506,4.67761256,4.67761256,4.67761256,5.52808758,5.52808758,5.52808758,5.52808758,5.52808758,5.52808758,5.52808758,6.80380009,6.80380009,6.80380009,6.80380009,6.80380009,6.80380009,6.80380009,6.80380009,6.80380009,6.80380009,6.80380009,6.80380009,7.6542751,7.6542751,7.6542751,7.6542751,7.6542751,7.6542751,8.50475012,8.50475012,8.50475012,8.50475012,8.50475012,8.50475012,8.50475012,8.92998762,8.92998762,8.92998762,8.92998762,8.92998762,8.92998762,8.92998762,8.92998762,8.92998762,8.92998762,10.20570014,10.20570014,10.20570014,10.20570014,10.20570014,10.20570014,10.20570014,11.48141266,11.48141266,11.48141266,11.48141266,11.48141266,11.48141266,11.48141266,11.48141266,11.48141266,11.48141266,11.48141266,12.75712517,12.75712517,12.75712517,13.18236268,13.18236268,13.18236268,13.18236268,13.18236268],"dailyDeaths":[0,0,0,0,0,0,0,0,0,0,0,0,0,0,0,0,0,0,0,0,0,0,0,0,0,0,0,0,0,0,0,0,0,0,0,0,0,0,0,0,0,0,0,0,0,0,0,0,0,0,0,0,0,0,0,0,0,0,0,0,0,0,0,0,0,0,0,0,0,1,0,0,0,0,0,0,0,0,0,0,0,0,0,0,0,0,0,0,0,0,0,0,0,0,0,0,0,0,0,0,0,0,0,0,0,0,0,0,0,0,0,0,0,0,0,0,0,0,0,0,0,0,0,0,0,0,0,0,0,0,0,0,0,0,0,0,0,0,0,0,0,0,0,0,0,0,0,0,0,0,0,0,0,0,0,0,0,0,0,0,0,0,0,0,0,0,0,0,0,0,0,0,0,0,0,0,0,0,0,0,0,0,0,0,0,0,0,1,0,0,0,0,0,0,0,0,0,0,0,0,0,0,0,0,1,0,0,0,0,0,0,0,0,0,0,0,0,0,0,0,0,3,0,0,0,0,2,0,0,1,0,0,1,0,0,0,1,0,0,2,0,0,0,0,0,0,3,0,0,0,0,0,0,0,0,0,0,0,2,0,0,0,0,0,2,0,0,0,0,0,0,1,0,0,0,0,0,0,0,0,0,3,0,0,0,0,0,0,3,0,0,0,0,0,0,0,0,0,0,3,0,0,1,0,0,0,0],"dailyDeathsPerMillion":[0,0,0,0,0,0,0,0,0,0,0,0,0,0,0,0,0,0,0,0,0,0,0,0,0,0,0,0,0,0,0,0,0,0,0,0,0,0,0,0,0,0,0,0,0,0,0,0,0,0,0,0,0,0,0,0,0,0,0,0,0,0,0,0,0,0,0,0,0,0.42523751,0,0,0,0,0,0,0,0,0,0,0,0,0,0,0,0,0,0,0,0,0,0,0,0,0,0,0,0,0,0,0,0,0,0,0,0,0,0,0,0,0,0,0,0,0,0,0,0,0,0,0,0,0,0,0,0,0,0,0,0,0,0,0,0,0,0,0,0,0,0,0,0,0,0,0,0,0,0,0,0,0,0,0,0,0,0,0,0,0,0,0,0,0,0,0,0,0,0,0,0,0,0,0,0,0,0,0,0,0,0,0,0,0,0,0,0,0,0.42523751,0,0,0,0,0,0,0,0,0,0,0,0,0,0,0,0,0.42523751,0,0,0,0,0,0,0,0,0,0,0,0,0,0,0,0,1.27571252,0,0,0,0,0.85047501,0,0,0.42523751,0,0,0.42523751,0,0,0,0.42523751,0,0,0.85047501,0,0,0,0,0,0,1.27571252,0,0,0,0,0,0,0,0,0,0,0,0.85047501,0,0,0,0,0,0.85047501,0,0,0,0,0,0,0.42523751,0,0,0,0,0,0,0,0,0,1.27571252,0,0,0,0,0,0,1.27571252,0,0,0,0,0,0,0,0,0,0,1.27571252,0,0,0.42523751,0,0,0,0],"cumulativeConfirmedCases":[0,0,0,0,0,0,0,0,0,0,0,0,0,0,0,0,0,0,0,0,0,0,0,0,0,0,0,0,0,0,0,0,0,0,0,0,0,0,0,0,0,0,0,0,0,0,0,0,0,0,0,0,0,0,0,0,0,0,0,0,0,0,0,0,0,0,0,0,3,4,4,4,4,4,6,6,6,6,13,13,13,13,13,13,13,15,15,15,20,20,20,22,22,22,22,22,22,23,23,23,23,23,23,23,23,23,23,23,23,23,24,24,24,24,24,24,25,25,25,25,29,30,30,35,35,35,35,35,35,35,35,38,40,40,40,40,40,40,42,42,48,48,48,60,60,60,60,79,79,89,89,89,89,89,92,92,92,92,92,175,227,227,227,277,277,277,314,314,314,314,314,314,399,399,399,399,522,522,522,522,522,522,522,592,686,686,686,739,739,804,804,804,804,804,804,804,804,804,804,804,804,1066,1066,1066,1214,1214,1214,1214,1308,1308,1308,1308,1308,1308,1308,1562,1562,1562,1562,1562,1562,1633,1633,1724,1724,1724,2002,2002,2002,2126,2126,2126,2252,2252,2252,2252,2463,2463,2463,2567,2567,2567,2567,2567,2567,2567,2921,2921,2921,2921,3172,3172,3172,3172,3172,3172,3172,3172,3172,3172,3219,3219,3219,3219,3515,3515,3515,3914,5242,5242,5242,5609,5609,5609,5923,5923,5923,5923,6283,6283,6283,6642,6642,6642,6642,6642,6642,6642,7835,7835,7835,7835,7835,7835,7835,8225,8225,8225,8225,9103,9103,9103,9594,9594,9594,9594,9992],