{"cumulativeDeaths":[0,0,0,0,0,0,0,0,0,0,0,0,0,0,0,0,0,0,0,0,0,0,0,0,0,0,0,0,0,0,0,0,0,0,0,0,0,0,0,0,0,0,0,0,0,0,0,1,1,1,1,1,1,1,4,4,7,7,8,10,10,13,13,13,14,14,17,17,19,24,24,31,31,38,38,38,39,43,48,50,58,58,69,69,72,75,77,78,81,82,87,90,94,98,100,100,104,106,109,111,112,114,114,117,121,124,126,127,129,129,130,132,132,135,140,141,141,143,146,149,152,155,157,157,161,161,162,164,164,164,164,165,165,166,166,167,167,167,167,167,167,167,168,168,168,168,168,168,168,168,168,168,169,170,171,173,174,174,174,174,174,174,177,177,177,177,183,183,186,186,187,187,187,189,189,189,189,189,189,189,189,189,189,190,190,191,191,193,194,194,194,195,195,195,195,195,195,195,195,195,195,195,195,195,196,196,196,196,196,198,198,198,202,202,202,203,203,203,204,204,204,204,208,209,209,210,211,211,211,211,213,213,213,213,213,213,219,219,219,220,223,223,223,227,227,227,227,230,230,230,233,234,234,235,238,238,238,242,244,244,245,245,245,245,245,250,250,250,251,251,251,253,254,256,256,256,256,256,259,259,261,262,263,263,263,269,272,273,273,275,276,276,281,284,284,288,290,290,290,299,310,320,321,331,331,331,348,358,371,384,395,395,395,441,457,469,481,492,492,492,527,543,559,587,598,598,598,647,668,692,713,724,724,724,765,777,796,808,808,808,808,808,882,893,901,901,901,901,946,954,962,970,988,988,988,1010,1019,1031,1038,1047,1047,1047,1078,1090,1104,1119,1128,1128,1128,1154,1168],"cumulativeDeathsPerMillion":[0,0,0,0,0,0,0,0,0,0,0,0,0,0,0,0,0,0,0,0,0,0,0,0,0,0,0,0,0,0,0,0,0,0,0,0,0,0,0,0,0,0,0,0,0,0,0,0.1991912,0.1991912,0.1991912,0.1991912,0.1991912,0.1991912,0.1991912,0.79676482,0.79676482,1.39433843,1.39433843,1.59352963,1.99191204,1.99191204,2.58948565,2.58948565,2.58948565,2.78867686,2.78867686,3.38625047,3.38625047,3.78463288,4.7805889,4.7805889,6.17492733,6.17492733,7.56926575,7.56926575,7.56926575,7.76845696,8.56522177,9.56117779,9.9595602,11.55308983,11.55308983,13.74419308,13.74419308,14.34176669,14.9393403,15.33772271,15.53691391,16.13448753,16.33367873,17.32963475,17.92720836,18.72397318,19.520738,19.9191204,19.9191204,20.71588522,21.11426763,21.71184124,22.11022365,22.30941485,22.70779726,22.70779726,23.30537087,24.10213569,24.6997093,25.09809171,25.29728291,25.69566532,25.69566532,25.89485652,26.29323893,26.29323893,26.89081254,27.88676856,28.08595977,28.08595977,28.48434218,29.08191579,29.6794894,30.27706301,30.87463663,31.27301903,31.27301903,32.06978385,32.06978385,32.26897505,32.66735746,32.66735746,32.66735746,32.66735746,32.86654867,32.86654867,33.06573987,33.06573987,33.26493107,33.26493107,33.26493107,33.26493107,33.26493107,33.26493107,33.26493107,33.46412228,33.46412228,33.46412228,33.46412228,33.46412228,33.46412228,33.46412228,33.46412228,33.46412228,33.46412228,33.66331348,33.86250469,34.06169589,34.4600783,34.6592695,34.6592695,34.6592695,34.6592695,34.6592695,34.6592695,35.25684311,35.25684311,35.25684311,35.25684311,36.45199034,36.45199034,37.04956395,37.04956395,37.24875515,37.24875515,37.24875515,37.64713756,37.64713756,37.64713756,37.64713756,37.64713756,37.64713756,37.64713756,37.64713756,37.64713756,37.64713756,37.84632877,37.84632877,38.04551997,38.04551997,38.44390238,38.64309358,38.64309358,38.64309358,38.84228479,38.84228479,38.84228479,38.84228479,38.84228479,38.84228479,38.84228479,38.84228479,38.84228479,38.84228479,38.84228479,38.84228479,38.84228479,39.04147599,39.04147599,39.04147599,39.04147599,39.04147599,39.4398584,39.4398584,39.4398584,40.23662322,40.23662322,40.23662322,40.43581442,40.43581442,40.43581442,40.63500562,40.63500562,40.63500562,40.63500562,41.43177044,41.63096164,41.63096164,41.83015285,42.02934405,42.02934405,42.02934405,42.02934405,42.42772646,42.42772646,42.42772646,42.42772646,42.42772646,42.42772646,43.62287368,43.62287368,43.62287368,43.82206489,44.4196385,44.4196385,44.4196385,45.21640332,45.21640332,45.21640332,45.21640332,45.81397693,45.81397693,45.81397693,46.41155054,46.61074174,46.61074174,46.80993295,47.40750656,47.40750656,47.40750656,48.20427138,48.60265378,48.60265378,48.80184499,48.80184499,48.80184499,48.80184499,48.80184499,49.79780101,49.79780101,49.79780101,49.99699221,49.99699221,49.99699221,50.39537462,50.59456582,50.99294823,50.99294823,50.99294823,50.99294823,50.99294823,51.59052185,51.59052185,51.98890425,52.18809546,52.38728666,52.38728666,52.38728666,53.58243389,54.1800075,54.3791987,54.3791987,54.77758111,54.97677231,54.97677231,55.97272833,56.57030195,56.57030195,57.36706676,57.76544917,57.76544917,57.76544917,59.55817001,61.74927325,63.74118529,63.9403765,65.93228854,65.93228854,65.93228854,69.318539,71.31045104,73.8999367,76.48942235,78.68052559,78.68052559,78.68052559,87.84332098,91.03038024,93.42067469,95.81096914,98.00207239,98.00207239,98.00207239,104.97376453,108.16082379,111.34788306,116.92523677,119.11634001,119.11634001,119.11634001,128.87670901,133.0597243,137.84031319,142.02332848,144.21443172,144.21443172,144.21443172,152.38127109,154.77156554,158.55619841,160.94649286,160.94649286,160.94649286,160.94649286,160.94649286,175.68664196,177.8777452,179.47127484,179.47127484,179.47127484,179.47127484,188.43487902,190.02840865,191.62193828,193.21546791,196.80090959,196.80090959,196.80090959,201.18311608,202.97583691,205.36613136,206.76046979,208.55319062,208.55319062,208.55319062,214.72811795,217.1184124,219.90708925,222.89495732,224.68767815,224.68767815,224.68767815,229.86664946,232.65532631],"dailyDeaths":[0,0,0,0,0,0,0,0,0,0,0,0,0,0,0,0,0,0,0,0,0,0,0,0,0,0,0,0,0,0,0,0,0,0,0,0,0,0,0,0,0,0,0,0,0,0,0,1,0,0,0,0,0,0,3,0,3,0,1,2,0,3,0,0,1,0,3,0,2,5,0,7,0,7,0,0,1,4,5,2,8,0,11,0,3,3,2,1,3,1,5,3,4,4,2,0,4,2,3,2,1,2,0,3,4,3,2,1,2,0,1,2,0,3,5,1,0,2,3,3,3,3,2,0,4,0,1,2,0,0,0,1,0,1,0,1,0,0,0,0,0,0,1,0,0,0,0,0,0,0,0,0,1,1,1,2,1,0,0,0,0,0,3,0,0,0,6,0,3,0,1,0,0,2,0,0,0,0,0,0,0,0,0,1,0,1,0,2,1,0,0,1,0,0,0,0,0,0,0,0,0,0,0,0,1,0,0,0,0,2,0,0,4,0,0,1,0,0,1,0,0,0,4,1,0,1,1,0,0,0,2,0,0,0,0,0,6,0,0,1,3,0,0,4,0,0,0,3,0,0,3,1,0,1,3,0,0,4,2,0,1,0,0,0,0,5,0,0,1,0,0,2,1,2,0,0,0,0,3,0,2,1,1,0,0,6,3,1,0,2,1,0,5,3,0,4,2,0,0,9,11,10,1,10,0,0,17,10,13,13,11,0,0,46,16,12,12,11,0,0,35,16,16,28,11,0,0,49,21,24,21,11,0,0,41,12,19,12,0,0,0,0,74,11,8,0,0,0,45,8,8,8,18,0,0,22,9,12,7,9,0,0,31,12,14,15,9,0,0,26,14],