{"cumulativeDeaths":[0,0,0,0,0,0,0,0,0,0,0,0,0,0,0,0,0,0,0,0,0,0,0,0,0,0,0,0,0,0,0,0,0,0,0,0,0,0,0,0,0,0,0,0,0,0,0,0,0,0,0,0,0,0,0,0,0,0,0,0,0,0,0,0,0,1,1,1,1,1,1,1,2,2,2,2,3,3,3,3,4,4,4,4,5,5,5,5,5,6,6,6,6,6,6,6,6,6,6,6,6,6,6,6,7,7,7,7,7,7,7,7,7,7,7,7,7,7,7,7,7,7,7,7,7,7,7,7,7,7,7,7,7,7,7,7,7,7,7,7,7,7,7,7,7,7,7,7,7,7,7,7,7,7,7,7,7,7,7,7,7,7,7,7,7,7,7,7,7,7,7,7,7,7,7,7,7,7,7,7,7,7,7,7,7,7,7,7,8,8,8,8,8,8,8,8,8,8,8,8,8,8,8,8,8,8,9,9,9,11,12,12,12,12,12,12,13,13,14,14,14,14,14,14,14,16,16,16,16,16,16,16,16,16,16,16,16,16,16,16,16,16,16,18,18,18,19,19,19,19,20,20,20,20,21,22,23,23,24,27,27,30,32,32,34,35,37,38,38,38,40,42,42,43,47,48,50,54,55,58,61,62,65,67,75,80,85,87,91,96,103,106,109,114,123,132,137,152,162,172,179,190,198,207,217,229,236,248,256,266,280,290,301,312,328,342,353,362,381,395,407,420,438,451,465,483,490,499,508,523,537,547,556,569,572,590,605,617,617,617,645,654,659,661,667,667,678,683,688,695,705,717,726,733,738,741,748,753,755,760,761,769,773,783,788,793,795,797,799,804,809,813,821,823,825,829,832,832,835,837,838,842,846,850,853,859,862,866,866,871],"cumulativeDeathsPerMillion":[0,0,0,0,0,0,0,0,0,0,0,0,0,0,0,0,0,0,0,0,0,0,0,0,0,0,0,0,0,0,0,0,0,0,0,0,0,0,0,0,0,0,0,0,0,0,0,0,0,0,0,0,0,0,0,0,0,0,0,0,0,0,0,0,0,0.73508008,0.73508008,0.73508008,0.73508008,0.73508008,0.73508008,0.73508008,1.47016016,1.47016016,1.47016016,1.47016016,2.20524024,2.20524024,2.20524024,2.20524024,2.94032032,2.94032032,2.94032032,2.94032032,3.6754004,3.6754004,3.6754004,3.6754004,3.6754004,4.41048048,4.41048048,4.41048048,4.41048048,4.41048048,4.41048048,4.41048048,4.41048048,4.41048048,4.41048048,4.41048048,4.41048048,4.41048048,4.41048048,4.41048048,5.14556056,5.14556056,5.14556056,5.14556056,5.14556056,5.14556056,5.14556056,5.14556056,5.14556056,5.14556056,5.14556056,5.14556056,5.14556056,5.14556056,5.14556056,5.14556056,5.14556056,5.14556056,5.14556056,5.14556056,5.14556056,5.14556056,5.14556056,5.14556056,5.14556056,5.14556056,5.14556056,5.14556056,5.14556056,5.14556056,5.14556056,5.14556056,5.14556056,5.14556056,5.14556056,5.14556056,5.14556056,5.14556056,5.14556056,5.14556056,5.14556056,5.14556056,5.14556056,5.14556056,5.14556056,5.14556056,5.14556056,5.14556056,5.14556056,5.14556056,5.14556056,5.14556056,5.14556056,5.14556056,5.14556056,5.14556056,5.14556056,5.14556056,5.14556056,5.14556056,5.14556056,5.14556056,5.14556056,5.14556056,5.14556056,5.14556056,5.14556056,5.14556056,5.14556056,5.14556056,5.14556056,5.14556056,5.14556056,5.14556056,5.14556056,5.14556056,5.14556056,5.14556056,5.14556056,5.14556056,5.14556056,5.14556056,5.14556056,5.14556056,5.88064064,5.88064064,5.88064064,5.88064064,5.88064064,5.88064064,5.88064064,5.88064064,5.88064064,5.88064064,5.88064064,5.88064064,5.88064064,5.88064064,5.88064064,5.88064064,5.88064064,5.88064064,6.61572072,6.61572072,6.61572072,8.08588088,8.82096096,8.82096096,8.82096096,8.82096096,8.82096096,8.82096096,9.55604104,9.55604104,10.29112111,10.29112111,10.29112111,10.29112111,10.29112111,10.29112111,10.29112111,11.76128127,11.76128127,11.76128127,11.76128127,11.76128127,11.76128127,11.76128127,11.76128127,11.76128127,11.76128127,11.76128127,11.76128127,11.76128127,11.76128127,11.76128127,11.76128127,11.76128127,11.76128127,13.23144143,13.23144143,13.23144143,13.96652151,14.70160159,13.96652151,13.96652151,14.70160159,14.70160159,14.70160159,14.70160159,15.43668167,16.17176175,16.90684183,16.90684183,17.64192191,19.84716215,19.84716215,22.05240239,23.52256255,23.52256255,24.99272271,25.72780279,27.19796295,27.93304303,27.93304303,27.93304303,29.40320318,30.87336334,30.87336334,31.60844342,34.54876374,35.28384382,36.75400398,39.6943243,40.42940438,42.63464462,44.83988486,45.57496494,47.78020518,49.25036533,55.13100597,58.80640637,62.48180677,63.95196693,66.89228725,70.56768764,75.7132482,77.91848844,80.12372868,83.79912908,90.41484979,97.03057051,100.70597091,111.7321721,119.0829729,126.4337737,131.57933425,139.66521513,145.54585577,152.16157648,159.51237728,168.33333823,173.47889879,182.29985975,188.18050038,195.53130118,205.82242229,213.17322309,221.25910397,229.34498484,241.10626612,251.39738723,259.48326811,266.09898882,280.06551034,290.35663145,299.17759241,308.73363344,321.96507488,331.52111591,341.81223703,355.04367846,360.18923902,366.80495973,373.42068045,384.44688164,394.73800276,402.08880355,408.70452427,418.26056531,420.46580554,433.69724698,444.72344817,453.54440913,453.54440913,453.54440913,474.12665136,480.74237207,484.41777247,485.88793263,490.29841311,490.29841311,498.38429398,502.05969438,505.73509478,510.88065534,518.23145613,527.05241709,533.66813781,538.81369836,542.48909876,544.694339,549.83989956,553.51529996,554.98546012,558.66086051,559.39594059,565.27658123,568.21690155,575.56770235,579.24310274,582.91850314,584.3886633,585.85882346,587.32898362,591.00438402,594.67978442,597.62010473,603.50074537,604.97090553,606.44106569,609.38138601,611.58662625,611.58662625,613.79186649,615.26202665,615.99710672,618.93742704,621.87774736,624.81806768,627.02330792,631.4337884,633.63902864,636.57934895,636.57934895,640.25474935],"dailyDeaths":[0,0,0,0,0,0,0,0,0,0,0,0,0,0,0,0,0,0,0,0,0,0,0,0,0,0,0,0,0,0,0,0,0,0,0,0,0,0,0,0,0,0,0,0,0,0,0,0,0,0,0,0,0,0,0,0,0,0,0,0,0,0,0,0,0,1,0,0,0,0,0,0,1,0,0,0,1,0,0,0,1,0,0,0,1,0,0,0,0,1,0,0,0,0,0,0,0,0,0,0,0,0,0,0,1,0,0,0,0,0,0,0,0,0,0,0,0,0,0,0,0,0,0,0,0,0,0,0,0,0,0,0,0,0,0,0,0,0,0,0,0,0,0,0,0,0,0,0,0,0,0,0,0,0,0,0,0,0,0,0,0,0,0,0,0,0,0,0,0,0,0,0,0,0,0,0,0,0,0,0,0,0,0,0,0,0,0,0,1,0,0,0,0,0,0,0,0,0,0,0,0,0,0,0,0,0,1,0,0,2,1,0,0,0,0,0,1,0,1,0,0,0,0,0,0,2,0,0,0,0,0,0,0,0,0,0,0,0,0,0,0,0,0,2,0,0,1,0,0,0,1,0,0,0,1,1,1,0,1,3,0,3,2,0,2,1,2,1,0,0,2,2,0,1,4,1,2,4,1,3,3,1,3,2,8,5,5,2,4,5,7,3,3,5,9,9,5,15,10,10,7,11,8,9,10,12,7,12,8,10,14,10,11,11,16,14,11,9,19,14,12,13,18,13,14,18,7,9,9,15,14,10,9,13,3,18,15,12,0,0,28,9,5,2,6,0,11,5,5,7,10,12,9,7,5,3,7,5,2,5,1,8,4,10,5,5,2,2,2,5,5,4,8,2,2,4,3,0,3,2,1,4,4,4,3,6,3,4,0,5],"dailyDeathsPerMillion":[0,0,0,0,0,0,0,0,0,0,0,0,0,0,0,0,0,0,0,0,0,0,0,0,0,0,0,0,0,0,0,0,0,0,0,0,0,0,0,0,0,0,0,0,0,0,0,0,0,0,0,0,0,0,0,0,0,0,0,0,0,0,0,0,0,0.73508008,0,0,0,0,0,0,0.73508008,0,0,0,0.73508008,0,0,0,0.73508008,0,0,0,0.73508008,0,0,0,0,0.73508008,0,0,0,0,0,0,0,0,0,0,0,0,0,0,0.73508008,0,0,0,0,0,0,0,0,0,0,0,0,0,0,0,0,0,0,0,0,0,0,0,0,0,0,0,0,0,0,0,0,0,0,0,0,0,0,0,0,0,0,0,0,0,0,0,0,0,0,0,0,0,0,0,0,0,0,0,0,0,0,0,0,0,0,0,0,0,0,0,0,0,0,0,0,0,0,0,0,0,0,0,0.73508008,0,0,0,0,0,0,0,0,0,0,0,0,0,0,0,0,0,0.73508008,0,0,1.47016016,0.73508008,0,0,0,0,0,0.73508008,0,0.73508008,0,0,0,0,0,0,1.47016016,0,0,0,0,0,0,0,0,0,0,0,0,0,0,0,0,0,1.47016016,0,0,0.73508008,0,0,0,0.73508008,0,0,0,0.73508008,0.73508008,0.73508008,0,0.73508008,2.20524024,0,2.20524024,1.47016016,0,1.47016016,0.73508008,1.47016016,0.73508008,0,0,1.47016016,1.47016016,0,0.73508008,2.94032032,0.73508008,1.47016016,2.94032032,0.73508008,2.20524024,2.20524024,0.73508008,2.20524024,1.47016016,5.88064064,3.6754004,3.6754004,1.47016016,2.94032032,3.6754004,5.14556056,2.20524024,2.20524024,3.6754004,6.61572072,6.61572072,3.6754004,11.02620119,7.3508008,7.3508008,5.14556056,8.08588088,5.88064064,6.61572072,7.3508008,8.82096096,5.14556056,8.82096096,5.88064064,7.3508008,10.29112111,7.3508008,8.08588088,8.08588088,11.76128127,10.29112111,8.08588088,6.61572072,13.96652151,10.29112111,8.82096096,9.55604104,13.23144143,9.55604104,10.29112111,13.23144143,5.14556056,6.61572072,6.61572072,11.02620119,10.29112111,7.3508008,6.61572072,9.55604104,2.20524024,13.23144143,11.02620119,8.82096096,0,0,20.58224223,6.61572072,3.6754004,1.47016016,4.41048048,0,8.08588088,3.6754004,3.6754004,5.14556056,7.3508008,8.82096096,6.61572072,5.14556056,3.6754004,2.20524024,5.14556056,3.6754004,1.47016016,3.6754004,0.73508008,5.88064064,2.94032032,7.3508008,3.6754004,3.6754004,1.47016016,1.47016016,1.47016016,3.6754004,3.6754004,2.94032032,5.88064064,1.47016016,1.47016016,2.94032032,2.20524024,0,2.20524024,1.47016016,0.73508008,2.94032032,2.94032032,2.94032032,2.20524024,4.41048048,2.20524024,2.94032032,0,3.6754004],