{"cumulativeDeaths":[0,0,0,0,0,0,0,0,0,0,0,0,0,0,0,0,0,0,0,0,0,0,0,0,0,0,0,0,0,0,0,0,0,0,0,0,0,0,0,0,0,0,0,0,0,0,0,0,0,0,0,0,0,0,0,0,0,0,1,1,1,1,1,2,2,2,2,2,3,8,9,13,13,18,20,23,24,26,29,32,40,40,46,48,48,48,50,51,51,59,61,66,68,72,73,73,75,80,87,90,92,94,95,104,106,112,114,115,116,117,117,118,120,121,125,126,127,128,128,128,132,134,135,135,138,139,141,143,143,143,143,143,143,145,146,146,146,146,149,149,149,149,149,150,150,151,151,151,152,152,152,152,153,153,153,154,154,154,154,154,154,154,155,155,155,155,155,157,158,160,160,160,160,161,163,163,165,167,167,167,170,172,172,176,178,178,178,186,187,190,195,196,196,196,196,201,203,205,208,208,208,213,216,217,220,221,221,221,221,225,227,227,230,230,230,234,235,235,237,237,237,237,239,241,242,242,242,242,242,242,247,247,253,253,253,253,254,254,254,254,255,255,255,256,258,260,261,261,261,261,265,266,267,269,272,272,272,280,281,281,283,283,283,283,283,286,287,288,288,288,288,292,293,296,296,300,300,300,307,309,313,318,323,323,323,323,338,338,343,352,357,363,369,376,383,393,398,401,407,427,432,443,451,462,471,471,476,492,500,510,519,524],"cumulativeDeathsPerMillion":[0,0,0,0,0,0,0,0,0,0,0,0,0,0,0,0,0,0,0,0,0,0,0,0,0,0,0,0,0,0,0,0,0,0,0,0,0,0,0,0,0,0,0,0,0,0,0,0,0,0,0,0,0,0,0,0,0,0,0.23011057,0.23011057,0.23011057,0.23011057,0.23011057,0.46022113,0.46022113,0.46022113,0.46022113,0.46022113,0.6903317,1.84088453,2.07099509,2.99143736,2.99143736,4.14199018,4.60221132,5.29254301,5.52265358,5.98287471,6.67320641,7.36353811,9.20442263,9.20442263,10.58508603,11.04530716,11.04530716,11.04530716,11.50552829,11.73563886,11.73563886,13.57652338,14.03674452,15.18729734,15.64751848,16.56796074,16.79807131,16.79807131,17.25829244,18.40884527,20.01961923,20.70995092,21.17017206,21.63039319,21.86050375,23.93149885,24.39171998,25.77238337,26.2326045,26.46271507,26.69282564,26.9229362,26.9229362,27.15304677,27.6132679,27.84337846,28.76382073,28.99393129,29.22404186,29.45415243,29.45415243,29.45415243,30.37459469,30.83481582,31.06492639,31.06492639,31.75525808,31.98536865,32.44558978,32.90581091,32.90581091,32.90581091,32.90581091,32.90581091,32.90581091,33.36603204,33.59614261,33.59614261,33.59614261,33.59614261,34.28647431,34.74669544,34.74669544,34.28647431,34.28647431,34.51658487,34.51658487,34.74669544,34.74669544,34.74669544,34.97680601,34.97680601,34.97680601,34.97680601,35.20691657,35.20691657,35.20691657,35.43702714,35.43702714,35.43702714,35.43702714,35.43702714,35.43702714,35.43702714,35.6671377,35.6671377,35.6671377,35.6671377,35.6671377,36.12735883,36.3574694,37.0478011,37.0478011,36.81769053,36.81769053,37.0478011,37.50802223,37.50802223,37.96824336,38.42846449,38.42846449,38.42846449,39.11879619,39.57901732,39.57901732,40.49945959,40.95968072,40.95968072,40.95968072,42.80056524,43.03067581,43.72100751,44.87156034,45.1016709,45.1016709,45.1016709,45.1016709,46.25222373,46.71244486,47.17266599,47.86299769,47.86299769,47.86299769,49.01355052,49.70388222,49.93399278,50.62432448,50.85443505,50.85443505,50.85443505,50.85443505,51.77487731,52.23509844,52.23509844,52.92543014,52.92543014,52.92543014,53.8458724,54.07598297,54.07598297,54.5362041,54.5362041,54.5362041,54.5362041,54.99642523,55.45664636,55.68675693,55.68675693,55.68675693,55.68675693,55.68675693,55.68675693,56.83730976,56.83730976,58.21797315,58.21797315,58.21797315,58.21797315,58.44808372,58.44808372,58.44808372,58.44808372,58.67819429,58.67819429,58.67819429,58.90830485,59.36852598,59.82874711,60.05885768,60.05885768,60.05885768,60.05885768,60.97929994,61.20941051,61.43952108,61.89974221,62.5900739,62.5900739,62.5900739,64.43095843,64.661069,64.661069,65.12129013,65.12129013,65.12129013,65.12129013,65.12129013,65.81162183,66.04173239,66.27184296,66.27184296,66.27184296,66.27184296,67.19228522,67.42239579,68.11272748,68.11272748,69.03316975,69.03316975,69.03316975,70.64394371,71.10416484,72.0246071,73.17515993,74.32571276,74.32571276,74.32571276,74.32571276,77.77737125,77.77737125,78.92792408,80.99891917,82.149472,83.53013539,84.91079879,86.52157275,88.13234671,90.43345237,91.5840052,92.2743369,93.65500029,98.25721161,99.40776444,101.93898066,103.77986519,106.31108141,108.3820765,108.3820765,109.53262933,113.21439839,115.05528291,117.35638857,119.42738366,120.57793649],"dailyDeaths":[0,0,0,0,0,0,0,0,0,0,0,0,0,0,0,0,0,0,0,0,0,0,0,0,0,0,0,0,0,0,0,0,0,0,0,0,0,0,0,0,0,0,0,0,0,0,0,0,0,0,0,0,0,0,0,0,0,0,1,0,0,0,0,1,0,0,0,0,1,5,1,4,0,5,2,3,1,2,3,3,8,0,6,2,0,0,2,1,0,8,2,5,2,4,1,0,2,5,7,3,2,2,1,9,2,6,2,1,1,1,0,1,2,1,4,1,1,1,0,0,4,2,1,0,3,1,2,2,0,0,0,0,0,2,1,0,0,0,3,0,0,0,0,1,0,1,0,0,1,0,0,0,1,0,0,1,0,0,0,0,0,0,1,0,0,0,0,2,1,2,0,0,0,1,2,0,2,2,0,0,3,2,0,4,2,0,0,8,1,3,5,1,0,0,0,5,2,2,3,0,0,5,3,1,3,1,0,0,0,4,2,0,3,0,0,4,1,0,2,0,0,0,2,2,1,0,0,0,0,0,5,0,6,0,0,0,1,0,0,0,1,0,0,1,2,2,1,0,0,0,4,1,1,2,3,0,0,8,1,0,2,0,0,0,0,3,1,1,0,0,0,4,1,3,0,4,0,0,7,2,4,5,5,0,0,0,15,0,5,9,5,6,6,7,7,10,5,3,6,20,5,11,8,11,9,0,5,16,8,10,9,5],"dailyDeathsPerMillion":[0,0,0,0,0,0,0,0,0,0,0,0,0,0,0,0,0,0,0,0,0,0,0,0,0,0,0,0,0,0,0,0,0,0,0,0,0,0,0,0,0,0,0,0,0,0,0,0,0,0,0,0,0,0,0,0,0,0,0.23011057,0,0,0,0,0.23011057,0,0,0,0,0.23011057,1.15055283,0.23011057,0.92044226,0,1.15055283,0.46022113,0.6903317,0.23011057,0.46022113,0.6903317,0.6903317,1.84088453,0,1.38066339,0.46022113,0,0,0.46022113,0.23011057,0,1.84088453,0.46022113,1.15055283,0.46022113,0.92044226,0.23011057,0,0.46022113,1.15055283,1.61077396,0.6903317,0.46022113,0.46022113,0.23011057,2.07099509,0.46022113,1.38066339,0.46022113,0.23011057,0.23011057,0.23011057,0,0.23011057,0.46022113,0.23011057,0.92044226,0.23011057,0.23011057,0.23011057,0,0,0.92044226,0.46022113,0.23011057,0,0.6903317,0.23011057,0.46022113,0.46022113,0,0,0,0,0,0.46022113,0.23011057,0,0,0,0.6903317,0,0,0,0,0.23011057,0,0.23011057,0,0,0.23011057,0,0,0,0.23011057,0,0,0.23011057,0,0,0,0,0,0,0.23011057,0,0,0,0,0.46022113,0.23011057,0.46022113,0,0,0,0.23011057,0.46022113,0,0.46022113,0.46022113,0,0,0.6903317,0.46022113,0,0.92044226,0.46022113,0,0,1.84088453,0.23011057,0.6903317,1.15055283,0.23011057,0,0,0,1.15055283,0.46022113,0.46022113,0.6903317,0,0,1.15055283,0.6903317,0.23011057,0.6903317,0.23011057,0,0,0,0.92044226,0.46022113,0,0.6903317,0,0,0.92044226,0.23011057,0,0.46022113,0,0,0,0.46022113,0.46022113,0.23011057,0,0,0,0,0,1.15055283,0,1.38066339,0,0,0,0.23011057,0,0,0,0.23011057,0,0,0.23011057,0.46022113,0.46022113,0.23011057,0,0,0,0.92044226,0.23011057,0.23011057,0.46022113,0.6903317,0,0,1.84088453,0.23011057,0,0.46022113,0,0,0,0,0.6903317,0.23011057,0.23011057,0,0,0,0.92044226,0.23011057,0.6903317,0,0.92044226,0,0,1.61077396,0.46022113,0.92044226,1.15055283,1.15055283,0,0,0,3.45165849,0,1.15055283,2.07099509,1.15055283,1.38066339,1.38066339,1.61077396,1.61077396,2.30110566,1.15055283,0.6903317,1.38066339,4.60221132,1.15055283,2.53121622,1.84088453,2.53121622,2.07099509,0,1.15055283,3.68176905,1.84088453,2.30110566,2.07099509,1.15055283],