{"cumulativeDeaths":[0,0,0,0,0,0,0,0,0,0,0,0,0,0,0,0,0,0,0,0,0,0,0,0,0,0,0,0,0,0,0,0,0,0,0,0,0,0,0,0,0,0,0,0,0,0,0,0,0,0,0,0,0,0,0,1,1,1,2,3,5,6,7,8,13,18,18,21,31,33,37,53,67,94,119,150,153,153,200,222,253,274,291,334,385,490,524,564,591,624,694,762,806,862,916,960,1023,1072,1153,1205,1265,1292,1326,1446,1505,1560,1607,1665,1726,1751,1788,1852,1883,1915,1939,1976,1999,2019,2032,2079,2106,2129,2157,2181,2210,2235,2264,2292,2313,2332,2344,2353,2375,2392,2436,2446,2483,2502,2524,2536,2552,2563,2573,2579,2579,2579,2595,2607,2613,2625,2650,2657,2666,2676,2690,2703,2706,2711,2717,2726,2730,2734,2737,2740,2743,2743,2743,2744,2748,2750,2760,2760,2764,2767,2769,2778,2784,2790,2791,2794,2795,2798,2799,2799,2800,2802,2806,2807,2812,2813,2816,2819,2821,2822,2825,2828,2829,2829,2829,2831,2832,2832,2832,2833,2834,2835,2836,2836,2836,2837,2837,2838,2841,2842,2842,2843,2845,2848,2848,2855,2856,2856,2857,2858,2858,2859,2859,2859,2861,2862,2862,2862,2863,2863,2863,2863,2865,2870,2872,2873,2875,2876,2876,2879,2883,2885,2885,2886,2887,2888,2889,2892,2896,2899,2983,2993,3026,3035,3038,3039,3043,3048,3055,3056,3056,3069,3071,3078,3089,3090,3101,3103,3107,3115,3124,3131,3132,3141,3151,3153,3159,3170,3179,3186,3195,3205,3220,3235,3245,3265,3276,3285,3300,3320,3337,3352,3368,3387,3408,3418,3432,3466,3491,3501,3520,3532,3553,3576,3576,3593,3616,3640,3661,3672,3680,3714,3727,3759,3774,3794,3816,3827,3861,3891,3931,3949,3968],"cumulativeDeathsPerMillion":[0,0,0,0,0,0,0,0,0,0,0,0,0,0,0,0,0,0,0,0,0,0,0,0,0,0,0,0,0,0,0,0,0,0,0,0,0,0,0,0,0,0,0,0,0,0,0,0,0,0,0,0,0,0,0,0.06922085,0.06922085,0.06922085,0.13844169,0.20766254,0.34610423,0.41532508,0.48454593,0.55376677,0.89987101,1.24597524,1.24597524,1.45363778,2.14584625,2.28428794,2.56117133,3.66870487,4.63779673,6.50675959,8.23728076,10.383127,10.59078954,10.59078954,13.84416934,15.36702796,17.51287421,18.96651199,20.14326639,23.11976279,26.65002598,33.91821488,36.27172366,39.04055753,40.90952039,43.19380833,48.0392676,52.74628518,55.79200243,59.66836985,63.40629557,66.45201282,70.81292616,74.20474765,79.81163623,83.41112026,87.56437106,89.43333392,91.78684271,100.09334431,104.17737427,107.98452083,111.23790063,115.25270974,119.47518138,121.20570255,123.76687388,128.19700807,130.34285431,132.55792141,134.21922173,136.78039306,138.37247253,139.75688946,140.65676047,143.91014027,145.77910313,147.3711826,149.30936631,150.97066663,152.97807118,154.70859235,156.7159969,158.65418061,160.10781839,161.42301448,162.25366464,162.87665226,164.39951089,165.57626528,168.62198253,169.314191,171.87536233,173.19055841,174.71341704,175.5440672,176.65160075,177.41303006,178.10523853,178.72822615,179.28199292,178.52056361,179.62809716,180.45874732,180.8740724,181.70472256,183.43524372,183.91978965,184.54277727,185.23498574,186.20407759,187.1039486,187.31161114,187.65771537,188.07304045,188.69602807,188.97291146,189.24979485,189.45745739,189.66511993,189.94200331,189.87278247,189.87278247,189.94200331,190.2188867,190.35732839,191.04953686,191.04953686,191.32642025,191.53408279,191.67252448,192.2955121,192.71083718,193.12616226,193.19538311,193.40304565,193.47226649,193.67992903,193.74914988,193.74914988,193.81837073,193.95681242,194.23369581,194.30291665,194.64902089,194.71824174,194.92590428,195.13356682,195.27200851,195.34122936,195.5488919,195.75655444,195.82577528,195.82577528,195.82577528,195.96421698,196.03343782,196.03343782,196.03343782,196.10265867,196.17187952,196.24110036,196.31032121,196.31032121,196.31032121,196.37954206,196.37954206,196.4487629,196.65642544,196.72564629,196.72564629,196.79486714,196.93330883,197.14097137,197.14097137,197.6255173,197.69473814,197.69473814,197.76395899,197.83317984,197.83317984,197.90240068,197.90240068,197.90240068,198.04084238,198.11006322,198.11006322,198.11006322,198.17928407,198.17928407,198.17928407,198.17928407,198.31772576,198.66383,198.80227169,198.87149254,199.00993423,199.07915508,199.07915508,199.28681762,199.563701,199.7021427,199.7021427,199.77136354,199.84058439,199.90980524,199.97902608,200.18668862,200.46357201,200.67123455,206.48578567,207.17799414,209.46228208,210.0852697,210.29293224,210.36215309,210.63903647,210.98514071,211.46968663,211.53890748,211.53890748,212.43877849,212.57722018,213.06176611,213.82319542,213.89241627,214.65384558,214.79228727,215.06917066,215.62293744,216.24592506,216.73047098,216.79969183,217.42267945,218.11488792,218.25332961,218.66865469,219.430084,220.05307162,220.53761755,221.16060517,221.85281364,222.89112634,223.92943904,224.6216475,226.00606444,226.76749375,227.39048137,228.42879407,229.81321101,230.9899654,232.0282781,233.13581165,234.45100773,235.90464551,236.59685398,237.56594584,239.91945462,241.64997579,242.34218426,243.65738034,244.4880305,245.94166828,247.53374776,247.53374776,248.71050215,250.30258163,251.96388195,253.41751973,254.17894904,254.73271581,257.0862246,257.98609561,260.2011627,261.2394754,262.62389234,264.14675096,264.90818028,267.26168906,269.33831447,272.10714833,273.35312357,274.66831966],"dailyDeaths":[0,0,0,0,0,0,0,0,0,0,0,0,0,0,0,0,0,0,0,0,0,0,0,0,0,0,0,0,0,0,0,0,0,0,0,0,0,0,0,0,0,0,0,0,0,0,0,0,0,0,0,0,0,0,0,1,0,0,1,1,2,1,1,1,5,5,0,3,10,2,4,16,14,27,25,31,3,0,47,22,31,21,17,43,51,105,34,40,27,33,70,68,44,56,54,44,63,49,81,52,60,27,34,120,59,55,47,58,61,25,37,64,31,32,24,37,23,20,13,47,27,23,28,24,29,25,29,28,21,19,12,9,22,17,44,10,37,19,22,12,16,11,10,6,0,0,16,12,6,12,25,7,9,10,14,13,3,5,6,9,4,4,3,3,3,0,0,1,4,2,10,0,4,3,2,9,6,6,1,3,1,3,1,0,1,2,4,1,5,1,3,3,2,1,3,3,1,0,0,2,1,0,0,1,1,1,1,0,0,1,0,1,3,1,0,1,2,3,0,7,1,0,1,1,0,1,0,0,2,1,0,0,1,0,0,0,2,5,2,1,2,1,0,3,4,2,0,1,1,1,1,3,4,3,84,10,33,9,3,1,4,5,7,1,0,13,2,7,11,1,11,2,4,8,9,7,1,9,10,2,6,11,9,7,9,10,15,15,10,20,11,9,15,20,17,15,16,19,21,10,14,34,25,10,19,12,21,23,0,17,23,24,21,11,8,34,13,32,15,20,22,11,34,30,40,18,19],