{"cumulativeDeaths":[0,0,0,0,0,0,0,0,0,0,0,0,0,0,0,0,0,0,0,0,0,0,0,0,0,0,0,0,0,0,0,0,0,0,0,0,0,0,0,0,0,0,0,0,0,0,0,0,0,0,0,0,0,0,0,0,0,0,0,0,0,0,0,0,0,0,0,0,1,1,1,1,1,1,1,1,1,1,2,3,3,3,3,3,3,3,3,3,3,3,3,3,3,3,3,3,3,3,3,3,3,3,3,3,3,3,3,3,3,3,3,3,3,3,3,3,3,3,3,3,3,3,3,3,3,3,3,3,3,3,3,3,3,3,3,3,3,3,3,3,3,3,3,3,3,3,3,3,3,3,3,3,3,3,3,3,3,3,3,3,3,3,3,3,3,3,3,3,3,3,3,3,3,3,3,3,3,3,3,3,3,3,3,3,3,3,3,3,3,3,3,3,3,3,3,3,3,3,3,3,3,3,3,3,3,3,3,3,3,3,3,3,3,3,3,3,3,3,3,3,3,3,3,3,3,3,3,3,3,3,3,3,3,3,3,3,3,3,3,3,3,3,3,3,3,3,3,3,3,3,3,3,3,3,3,4,4,4,4,4,4,4,4,4,4,4,4,4,4,4,4,4,4,4,4,4,4,4,4,4,4,4,4,4,4,4,4,4,4,4,4,4,4,4,4,4,4,4,4,4,4,4,4,4,4,4,4,4,4,4,4,4,4,4,4,4,4,4,4,4,4,4,4,4,4,4,4,4,4,4,4,4,4,4,4,4,4,4,4,4,4,4,4,4,4,4,4,4,4,4,4,4,4,4,4,4,4,4],"cumulativeDeathsPerMillion":[0,0,0,0,0,0,0,0,0,0,0,0,0,0,0,0,0,0,0,0,0,0,0,0,0,0,0,0,0,0,0,0,0,0,0,0,0,0,0,0,0,0,0,0,0,0,0,0,0,0,0,0,0,0,0,0,0,0,0,0,0,0,0,0,0,0,0,0,1.90916207,1.90916207,1.90916207,1.90916207,1.90916207,1.90916207,1.90916207,1.90916207,1.90916207,1.90916207,3.81832414,5.72748621,5.72748621,5.72748621,5.72748621,5.72748621,5.72748621,5.72748621,5.72748621,5.72748621,5.72748621,5.72748621,5.72748621,5.72748621,5.72748621,5.72748621,5.72748621,5.72748621,5.72748621,5.72748621,5.72748621,5.72748621,5.72748621,5.72748621,5.72748621,5.72748621,5.72748621,5.72748621,5.72748621,5.72748621,5.72748621,5.72748621,5.72748621,5.72748621,5.72748621,5.72748621,5.72748621,5.72748621,5.72748621,5.72748621,5.72748621,5.72748621,5.72748621,5.72748621,5.72748621,5.72748621,5.72748621,5.72748621,5.72748621,5.72748621,5.72748621,5.72748621,5.72748621,5.72748621,5.72748621,5.72748621,5.72748621,5.72748621,5.72748621,5.72748621,5.72748621,5.72748621,5.72748621,5.72748621,5.72748621,5.72748621,5.72748621,5.72748621,5.72748621,5.72748621,5.72748621,5.72748621,5.72748621,5.72748621,5.72748621,5.72748621,5.72748621,5.72748621,5.72748621,5.72748621,5.72748621,5.72748621,5.72748621,5.72748621,5.72748621,5.72748621,5.72748621,5.72748621,5.72748621,5.72748621,5.72748621,5.72748621,5.72748621,5.72748621,5.72748621,5.72748621,5.72748621,5.72748621,5.72748621,5.72748621,5.72748621,5.72748621,5.72748621,5.72748621,5.72748621,5.72748621,5.72748621,5.72748621,5.72748621,5.72748621,5.72748621,5.72748621,5.72748621,5.72748621,5.72748621,5.72748621,5.72748621,5.72748621,5.72748621,5.72748621,5.72748621,5.72748621,5.72748621,5.72748621,5.72748621,5.72748621,5.72748621,5.72748621,5.72748621,5.72748621,5.72748621,5.72748621,5.72748621,5.72748621,5.72748621,5.72748621,5.72748621,5.72748621,5.72748621,5.72748621,5.72748621,5.72748621,5.72748621,5.72748621,5.72748621,5.72748621,5.72748621,5.72748621,5.72748621,5.72748621,5.72748621,5.72748621,5.72748621,5.72748621,5.72748621,5.72748621,5.72748621,5.72748621,5.72748621,5.72748621,5.72748621,5.72748621,5.72748621,5.72748621,5.72748621,5.72748621,5.72748621,5.72748621,5.72748621,5.72748621,5.72748621,5.72748621,5.72748621,5.72748621,5.72748621,5.72748621,5.72748621,7.63664828,7.63664828,7.63664828,7.63664828,7.63664828,7.63664828,7.63664828,7.63664828,7.63664828,7.63664828,7.63664828,7.63664828,7.63664828,7.63664828,7.63664828,7.63664828,7.63664828,7.63664828,7.63664828,7.63664828,7.63664828,7.63664828,7.63664828,7.63664828,7.63664828,7.63664828,7.63664828,7.63664828,7.63664828,7.63664828,7.63664828,7.63664828,7.63664828,7.63664828,7.63664828,7.63664828,7.63664828,7.63664828,7.63664828,7.63664828,7.63664828,7.63664828,7.63664828,7.63664828,7.63664828,7.63664828,7.63664828,7.63664828,7.63664828,7.63664828,7.63664828,7.63664828,7.63664828,7.63664828,7.63664828,7.63664828,7.63664828,7.63664828,7.63664828,7.63664828,7.63664828,7.63664828,7.63664828,7.63664828,7.63664828,7.63664828,7.63664828,7.63664828,7.63664828,7.63664828,7.63664828,7.63664828,7.63664828,7.63664828,7.63664828,7.63664828,7.63664828,7.63664828,7.63664828,7.63664828,7.63664828,7.63664828,7.63664828,7.63664828,7.63664828,7.63664828,7.63664828,7.63664828,7.63664828,7.63664828,7.63664828,7.63664828,7.63664828,7.63664828,7.63664828,7.63664828,7.63664828,7.63664828,7.63664828,7.63664828,7.63664828,7.63664828,7.63664828],"dailyDeaths":[0,0,0,0,0,0,0,0,0,0,0,0,0,0,0,0,0,0,0,0,0,0,0,0,0,0,0,0,0,0,0,0,0,0,0,0,0,0,0,0,0,0,0,0,0,0,0,0,0,0,0,0,0,0,0,0,0,0,0,0,0,0,0,0,0,0,0,0,1,0,0,0,0,0,0,0,0,0,1,1,0,0,0,0,0,0,0,0,0,0,0,0,0,0,0,0,0,0,0,0,0,0,0,0,0,0,0,0,0,0,0,0,0,0,0,0,0,0,0,0,0,0,0,0,0,0,0,0,0,0,0,0,0,0,0,0,0,0,0,0,0,0,0,0,0,0,0,0,0,0,0,0,0,0,0,0,0,0,0,0,0,0,0,0,0,0,0,0,0,0,0,0,0,0,0,0,0,0,0,0,0,0,0,0,0,0,0,0,0,0,0,0,0,0,0,0,0,0,0,0,0,0,0,0,0,0,0,0,0,0,0,0,0,0,0,0,0,0,0,0,0,0,0,0,0,0,0,0,0,0,0,0,0,0,0,0,0,0,0,0,0,0,0,0,0,0,0,0,0,0,0,0,0,0,0,1,0,0,0,0,0,0,0,0,0,0,0,0,0,0,0,0,0,0,0,0,0,0,0,0,0,0,0,0,0,0,0,0,0,0,0,0,0,0,0,0,0,0,0,0,0,0,0,0,0,0,0,0,0,0,0,0,0,0,0,0,0,0,0,0,0,0,0,0,0,0,0,0,0,0,0,0,0,0,0,0,0,0,0,0,0,0,0,0,0,0,0,0,0,0,0,0,0,0,0,0,0,0],"dailyDeathsPerMillion":[0,0,0,0,0,0,0,0,0,0,0,0,0,0,0,0,0,0,0,0,0,0,0,0,0,0,0,0,0,0,0,0,0,0,0,0,0,0,0,0,0,0,0,0,0,0,0,0,0,0,0,0,0,0,0,0,0,0,0,0,0,0,0,0,0,0,0,0,1.90916207,0,0,0,0,0,0,0,0,0,1.90916207,1.90916207,0,0,0,0,0,0,0,0,0,0,0,0,0,0,0,0,0,0,0,0,0,0,0,0,0,0,0,0,0,0,0,0,0,0,0,0,0,0,0,0,0,0,0,0,0,0,0,0,0,0,0,0,0,0,0,0,0,0,0,0,0,0,0,0,0,0,0,0,0,0,0,0,0,0,0,0,0,0,0,0,0,0,0,0,0,0,0,0,0,0,0,0,0,0,0,0,0,0,0,0,0,0,0,0,0,0,0,0,0,0,0,0,0,0,0,0,0,0,0,0,0,0,0,0,0,0,0,0,0,0,0,0,0,0,0,0,0,0,0,0,0,0,0,0,0,0,0,0,0,0,0,0,0,0,0,0,0,0,0,0,0,0,0,0,0,0,0,0,0,0,0,0,0,0,0,1.90916207,0,0,0,0,0,0,0,0,0,0,0,0,0,0,0,0,0,0,0,0,0,0,0,0,0,0,0,0,0,0,0,0,0,0,0,0,0,0,0,0,0,0,0,0,0,0,0,0,0,0,0,0,0,0,0,0,0,0,0,0,0,0,0,0,0,0,0,0,0,0,0,0,0,0,0,0,0,0,0,0,0,0,0,0,0,0,0,0,0,0,0,0,0,0,0,0,0,0,0,0,0,0],"cumulativeConfirmedCases":[0,0,0,0,0,0,0,0,0,0,0,0,0,0,0,0,0,0,0,0,0,0,0,0,0,0,0,0,0,0,0,0,0,0,0,0,0,0,0,0,0,0,0,0,0,0,0,0,0,0,0,0,0,1,1,3,3,3,4,6,9,24,35,35,82,102,120,135,148,152,175,183,195,195,217,226,228,228,232,239,241,242,244,244,247,252,256,256,256,256,256,256,256,256,257,258,258,258,258,258,259,259,259,259,259,259,260,260,260,260,260,260,260,260,260,260,260,260,260,260,260,260,260,260,260,260,260,261,261,261,261,261,261,261,261,261,261,261,261,261,261,261,261,261,261,261,261,261,261,261,261,261,261,261,261,261,261,261,261,261,261,261,261,261,261,261,261,261,261,261,262,262,262,262,262,262,262,262,262,262,262,263,264,264,265,265,266,266,266,266,266,266,266,266,266,266,266,266,267,267,267,268,268,268,268,268,268,268,268,268,268,268,268,268,268,268,268,268,268,269,269,269,269,269,269,269,269,270,270,270,270,270,270,270,271,271,271,271,271,271,272,272,272,272,272,272,272,272,272,273,273,273,274,275,275,276,277,277,277,277,277,279,282,282,283,283,283,284,287,287,287,287,287,287,288,288,289,290,291,291,291,291,291,291,291,291,291,292,294,294,296,297,297,297,298,298,299,301,303,303,305,307,308,311,316,319,321,323,324,327,331,333,337,338,339,340,340,343,347,351,351,352,353,354,355,358,358,358,359,364,367,372,380,382,382,383,384,384,384,384,387,389,390,390,390,390,390,390,391,392,392,392,392,392,393,393,393,393],