{"cumulativeDeaths":[0,0,0,0,0,0,0,0,0,0,0,0,0,0,0,0,0,0,0,0,0,0,0,0,0,0,0,0,0,0,0,0,0,0,0,0,0,0,0,0,0,0,0,0,0,0,0,0,0,0,0,0,0,0,0,0,0,0,0,0,0,0,0,0,0,0,0,0,2,2,3,3,3,3,3,3,3,3,3,3,4,4,4,4,4,4,4,4,4,4,4,4,4,4,4,4,5,5,6,7,7,7,7,7,7,7,7,7,7,7,7,7,7,7,7,7,7,7,7,7,7,7,7,7,7,8,10,10,10,10,11,11,11,11,11,11,11,11,13,13,13,13,13,13,13,13,13,13,13,13,13,13,13,13,13,13,13,13,13,13,13,13,14,14,14,14,14,15,15,15,15,15,15,15,15,15,15,15,15,15,15,15,15,16,16,16,16,16,17,17,18,18,18,18,18,18,18,19,20,20,20,20,20,20,20,20,21,22,22,22,22,22,22,22,22,22,23,24,24,24,24,24,24,24,24,24,24,24,24,24,24,24,24,24,24,24,24,24,24,24,24,24,24,24,24,24,24,24,24,24,24,24,24,24,24,24,24,24,24,24,24,24,24,25,25,25,25,25,25,25,25,25,25,25,25,25,25,25,25,25,25,25,25,25,25,25,25,25,25,25,27,28,29,29,29,29,29,29,31,31,31,32,32,33,33,33,37,37,37,40,44,45,45,47,51,53,54,55,55,59,60,66,71,75,75,86,89,91,98,98,105,107,115,118],"cumulativeDeathsPerMillion":[0,0,0,0,0,0,0,0,0,0,0,0,0,0,0,0,0,0,0,0,0,0,0,0,0,0,0,0,0,0,0,0,0,0,0,0,0,0,0,0,0,0,0,0,0,0,0,0,0,0,0,0,0,0,0,0,0,0,0,0,0,0,0,0,0,0,0,0,1.71170886,1.71170886,2.56756329,2.56756329,2.56756329,2.56756329,2.56756329,2.56756329,2.56756329,2.56756329,2.56756329,2.56756329,3.42341772,3.42341772,3.42341772,3.42341772,3.42341772,3.42341772,3.42341772,3.42341772,3.42341772,3.42341772,3.42341772,3.42341772,3.42341772,3.42341772,3.42341772,3.42341772,4.27927215,4.27927215,5.13512658,5.99098101,5.99098101,5.99098101,5.99098101,5.99098101,5.99098101,5.99098101,5.99098101,5.99098101,5.99098101,5.99098101,5.99098101,5.99098101,5.99098101,5.99098101,5.99098101,5.99098101,5.99098101,5.99098101,5.99098101,5.99098101,5.99098101,5.99098101,5.99098101,5.99098101,5.99098101,6.84683544,8.55854429,8.55854429,8.55854429,8.55854429,9.41439872,9.41439872,9.41439872,9.41439872,9.41439872,9.41439872,9.41439872,9.41439872,11.12610758,11.12610758,11.12610758,11.12610758,11.12610758,11.12610758,11.12610758,11.12610758,11.12610758,11.12610758,11.12610758,11.12610758,11.12610758,11.12610758,11.12610758,11.12610758,11.12610758,11.12610758,11.12610758,11.12610758,11.12610758,11.12610758,11.12610758,11.12610758,11.98196201,11.98196201,11.98196201,11.98196201,11.98196201,12.83781644,12.83781644,12.83781644,12.83781644,12.83781644,12.83781644,12.83781644,12.83781644,12.83781644,12.83781644,12.83781644,12.83781644,12.83781644,12.83781644,12.83781644,12.83781644,13.69367087,13.69367087,13.69367087,13.69367087,13.69367087,14.5495253,14.5495253,15.40537973,15.40537973,15.40537973,15.40537973,15.40537973,15.40537973,15.40537973,16.26123416,17.11708859,17.11708859,17.11708859,17.11708859,17.11708859,17.11708859,17.11708859,17.11708859,17.97294302,18.82879745,18.82879745,18.82879745,18.82879745,18.82879745,18.82879745,18.82879745,18.82879745,18.82879745,19.68465188,20.54050631,20.54050631,20.54050631,20.54050631,20.54050631,20.54050631,20.54050631,20.54050631,20.54050631,20.54050631,20.54050631,20.54050631,20.54050631,20.54050631,20.54050631,20.54050631,20.54050631,20.54050631,20.54050631,20.54050631,20.54050631,20.54050631,20.54050631,20.54050631,20.54050631,20.54050631,20.54050631,20.54050631,20.54050631,20.54050631,20.54050631,20.54050631,20.54050631,20.54050631,20.54050631,20.54050631,20.54050631,20.54050631,20.54050631,20.54050631,20.54050631,20.54050631,20.54050631,20.54050631,20.54050631,20.54050631,21.39636074,21.39636074,21.39636074,21.39636074,21.39636074,21.39636074,21.39636074,21.39636074,21.39636074,21.39636074,21.39636074,21.39636074,21.39636074,21.39636074,21.39636074,21.39636074,21.39636074,21.39636074,21.39636074,21.39636074,21.39636074,21.39636074,21.39636074,21.39636074,21.39636074,21.39636074,21.39636074,23.10806959,23.96392402,24.81977845,24.81977845,24.81977845,24.81977845,24.81977845,24.81977845,26.53148731,26.53148731,26.53148731,27.38734174,27.38734174,28.24319617,28.24319617,28.24319617,31.66661389,31.66661389,31.66661389,34.23417718,37.65759489,38.51344932,38.51344932,40.22515818,43.6485759,45.36028476,46.21613919,47.07199362,47.07199362,50.49541134,51.35126577,56.48639234,60.76566449,64.18908221,64.18908221,73.60348093,76.17104422,77.88275308,83.87373408,83.87373408,89.86471509,91.57642395,98.42325938,100.99082267],"dailyDeaths":[0,0,0,0,0,0,0,0,0,0,0,0,0,0,0,0,0,0,0,0,0,0,0,0,0,0,0,0,0,0,0,0,0,0,0,0,0,0,0,0,0,0,0,0,0,0,0,0,0,0,0,0,0,0,0,0,0,0,0,0,0,0,0,0,0,0,0,0,2,0,1,0,0,0,0,0,0,0,0,0,1,0,0,0,0,0,0,0,0,0,0,0,0,0,0,0,1,0,1,1,0,0,0,0,0,0,0,0,0,0,0,0,0,0,0,0,0,0,0,0,0,0,0,0,0,1,2,0,0,0,1,0,0,0,0,0,0,0,2,0,0,0,0,0,0,0,0,0,0,0,0,0,0,0,0,0,0,0,0,0,0,0,1,0,0,0,0,1,0,0,0,0,0,0,0,0,0,0,0,0,0,0,0,1,0,0,0,0,1,0,1,0,0,0,0,0,0,1,1,0,0,0,0,0,0,0,1,1,0,0,0,0,0,0,0,0,1,1,0,0,0,0,0,0,0,0,0,0,0,0,0,0,0,0,0,0,0,0,0,0,0,0,0,0,0,0,0,0,0,0,0,0,0,0,0,0,0,0,0,0,0,0,0,1,0,0,0,0,0,0,0,0,0,0,0,0,0,0,0,0,0,0,0,0,0,0,0,0,0,0,2,1,1,0,0,0,0,0,2,0,0,1,0,1,0,0,4,0,0,3,4,1,0,2,4,2,1,1,0,4,1,6,5,4,0,11,3,2,7,0,7,2,8,3],"dailyDeathsPerMillion":[0,0,0,0,0,0,0,0,0,0,0,0,0,0,0,0,0,0,0,0,0,0,0,0,0,0,0,0,0,0,0,0,0,0,0,0,0,0,0,0,0,0,0,0,0,0,0,0,0,0,0,0,0,0,0,0,0,0,0,0,0,0,0,0,0,0,0,0,1.71170886,0,0.85585443,0,0,0,0,0,0,0,0,0,0.85585443,0,0,0,0,0,0,0,0,0,0,0,0,0,0,0,0.85585443,0,0.85585443,0.85585443,0,0,0,0,0,0,0,0,0,0,0,0,0,0,0,0,0,0,0,0,0,0,0,0,0,0.85585443,1.71170886,0,0,0,0.85585443,0,0,0,0,0,0,0,1.71170886,0,0,0,0,0,0,0,0,0,0,0,0,0,0,0,0,0,0,0,0,0,0,0,0.85585443,0,0,0,0,0.85585443,0,0,0,0,0,0,0,0,0,0,0,0,0,0,0,0.85585443,0,0,0,0,0.85585443,0,0.85585443,0,0,0,0,0,0,0.85585443,0.85585443,0,0,0,0,0,0,0,0.85585443,0.85585443,0,0,0,0,0,0,0,0,0.85585443,0.85585443,0,0,0,0,0,0,0,0,0,0,0,0,0,0,0,0,0,0,0,0,0,0,0,0,0,0,0,0,0,0,0,0,0,0,0,0,0,0,0,0,0,0,0,0,0,0.85585443,0,0,0,0,0,0,0,0,0,0,0,0,0,0,0,0,0,0,0,0,0,0,0,0,0,0,1.71170886,0.85585443,0.85585443,0,0,0,0,0,1.71170886,0,0,0.85585443,0,0.85585443,0,0,3.42341772,0,0,2.56756329,3.42341772,0.85585443,0,1.71170886,3.42341772,1.71170886,0.85585443,0.85585443,0,3.42341772,0.85585443,5.13512658,4.27927215,3.42341772,0,9.41439872,2.56756329,1.71170886,5.99098101,0,5.99098101,1.71170886,6.84683544,2.56756329],"cumulativeConfirmedCases":[0,0,0,0,0,0,0,0,0,0,0,0,0,0,0,0,0,0,0,0,0,0,0,0,0,0,0,0,0,0,0,0,0,0,0,0,0,0,0,0,0,0,0,0,0,0,0,0,0,0,0,2,2,2,7,7,8,16,20,26,52,66,72,72,95,95,134,156,156,184,193,206,220,220,249,249,260,260,271,285,289,298,300,300,304,305,307,313,315,316,320,326,331,341,349,353,365,366,383,389,415,421,433,467,487,512,531,544,553,564,568,573,577,582,590,591,592,592,599,620,622,627,630,632,634,634,637,639,641,645,646,646,646,647,648,649,650,650,654,656,658,660,663,664,665,683,684,693,708,716,726,746,751,753,757,759,772,777,778,779,785,785,795,796,796,796,805,806,808,813,815,815,815,871,876,881,923,936,941,943,962,970,1030,1072,1099,1136,1178,1209,1218,1268,1306,1319,1334,1342,1359,1368,1376,1387,1409,1433,1445,1450,1479,1484,1511,1541,1566,1580,1581,1582,1586,1590,1595,1597,1600,1601,1601,1604,1609,1611,1615,1615,1619,1622,1624,1634,1638,1643,1651,1662,1669,1670,1676,1688,1709,1726,1731,1741,1751,1757,1776,1787,1807,1814,1824,1830,1835,1846,1863,1878,1892,1899,1913,1927,1940,1954,1959,1968,1984,1994,2012,2034,2068,2092,2140,2174,2199,2232,2270,2270,2330,2396,2439,2496,2558,2591,2669,2729,2783,2841,2908,2990,3066,3144,3218,3292,3373,3408,3536,3623,3738,3897,4087,4214,4326,4437,4513,4820,5001,5182,5422,5553,5651,5804,6237,6473,6708,6883,7047,7362,7691,7888,8239,8564,8745,8982,9244,9527,9730,10139,10412,10597,10899,11223,11475,11749,11971,12238,12432,12594,12832,13077,13329,13555],