{"cumulativeDeaths":[0,0,0,0,0,0,0,0,0,0,0,0,0,0,0,0,0,0,0,0,0,0,0,0,0,0,0,0,0,0,0,0,0,0,0,0,0,0,0,0,0,0,0,0,0,0,0,0,0,0,0,0,0,0,0,0,0,0,0,0,0,0,0,0,0,0,0,0,2,2,3,3,3,3,3,3,3,3,3,3,4,4,4,4,4,4,4,4,4,4,4,4,4,4,4,4,5,5,6,7,7,7,7,7,7,7,7,7,7,7,7,7,7,7,7,7,7,7,7,7,7,7,7,7,7,8,10,10,10,10,11,11,11,11,11,11,11,11,13,13,13,13,13,13,13,13,13,13,13,13,13,13,13,13,13,13,13,13,13,13,13,13,14,14,14,14,14,15,15,15,15,15,15,15,15,15,15,15,15,15,15,15,15,16,16,16,16,16,17,17,18,18,18,18,18,18,18,19,20,20,20,20,20,20,20,20,21,22,22,22,22,22,22,22,22,22,23,24,24,24,24,24,24,24,24,24,24,24,24,24,24,24,24,24,24,24,24,24,24,24,24,24,24,24,24,24,24,24,24,24,24,24,24,24,24,24,24,24,24,24,24,24,24,25,25,25,25,25,25,25,25,25,25,25,25,25,25,25,25,25,25,25,25,25,25,25,25,25,25,25,27,28,29,29,29,29,29,29,31,31,31,32,32,33,33,33,37,37,37,40,44,45,45,47,51,53,54,55,55,59,60,66,71,75,75,86,89,91,98,98,105,107,115,118,122,125,130,134,134,134,141,141,151,154,155,155,158,158,160,165,174,177,184,191,191,199,204,206,206,210,212,215,219,225,226,239,247,250,253,254,268,274,285,292,300,304,306,314,322,329,332,336,339,341,346,348,348,350,354],"cumulativeDeathsPerMillion":[0,0,0,0,0,0,0,0,0,0,0,0,0,0,0,0,0,0,0,0,0,0,0,0,0,0,0,0,0,0,0,0,0,0,0,0,0,0,0,0,0,0,0,0,0,0,0,0,0,0,0,0,0,0,0,0,0,0,0,0,0,0,0,0,0,0,0,0,1.71170886,1.71170886,2.56756329,2.56756329,2.56756329,2.56756329,2.56756329,2.56756329,2.56756329,2.56756329,2.56756329,2.56756329,3.42341772,3.42341772,3.42341772,3.42341772,3.42341772,3.42341772,3.42341772,3.42341772,3.42341772,3.42341772,3.42341772,3.42341772,3.42341772,3.42341772,3.42341772,3.42341772,4.27927215,4.27927215,5.13512658,5.99098101,5.99098101,5.99098101,5.99098101,5.99098101,5.99098101,5.99098101,5.99098101,5.99098101,5.99098101,5.99098101,5.99098101,5.99098101,5.99098101,5.99098101,5.99098101,5.99098101,5.99098101,5.99098101,5.99098101,5.99098101,5.99098101,5.99098101,5.99098101,5.99098101,5.99098101,6.84683544,8.55854429,8.55854429,8.55854429,8.55854429,9.41439872,9.41439872,9.41439872,9.41439872,9.41439872,9.41439872,9.41439872,9.41439872,11.12610758,11.12610758,11.12610758,11.12610758,11.12610758,11.12610758,11.12610758,11.12610758,11.12610758,11.12610758,11.12610758,11.12610758,11.12610758,11.12610758,11.12610758,11.12610758,11.12610758,11.12610758,11.12610758,11.12610758,11.12610758,11.12610758,11.12610758,11.12610758,11.98196201,11.98196201,11.98196201,11.98196201,11.98196201,12.83781644,12.83781644,12.83781644,12.83781644,12.83781644,12.83781644,12.83781644,12.83781644,12.83781644,12.83781644,12.83781644,12.83781644,12.83781644,12.83781644,12.83781644,12.83781644,13.69367087,13.69367087,13.69367087,13.69367087,13.69367087,14.5495253,14.5495253,15.40537973,15.40537973,15.40537973,15.40537973,15.40537973,15.40537973,15.40537973,16.26123416,17.11708859,17.11708859,17.11708859,17.11708859,17.11708859,17.11708859,17.11708859,17.11708859,17.97294302,18.82879745,18.82879745,18.82879745,18.82879745,18.82879745,18.82879745,18.82879745,18.82879745,18.82879745,19.68465188,20.54050631,20.54050631,20.54050631,20.54050631,20.54050631,20.54050631,20.54050631,20.54050631,20.54050631,20.54050631,20.54050631,20.54050631,20.54050631,20.54050631,20.54050631,20.54050631,20.54050631,20.54050631,20.54050631,20.54050631,20.54050631,20.54050631,20.54050631,20.54050631,20.54050631,20.54050631,20.54050631,20.54050631,20.54050631,20.54050631,20.54050631,20.54050631,20.54050631,20.54050631,20.54050631,20.54050631,20.54050631,20.54050631,20.54050631,20.54050631,20.54050631,20.54050631,20.54050631,20.54050631,20.54050631,20.54050631,21.39636074,21.39636074,21.39636074,21.39636074,21.39636074,21.39636074,21.39636074,21.39636074,21.39636074,21.39636074,21.39636074,21.39636074,21.39636074,21.39636074,21.39636074,21.39636074,21.39636074,21.39636074,21.39636074,21.39636074,21.39636074,21.39636074,21.39636074,21.39636074,21.39636074,21.39636074,21.39636074,23.10806959,23.96392402,24.81977845,24.81977845,24.81977845,24.81977845,24.81977845,24.81977845,26.53148731,26.53148731,26.53148731,27.38734174,27.38734174,28.24319617,28.24319617,28.24319617,31.66661389,31.66661389,31.66661389,34.23417718,37.65759489,38.51344932,38.51344932,40.22515818,43.6485759,45.36028476,46.21613919,47.07199362,47.07199362,50.49541134,51.35126577,56.48639234,60.76566449,64.18908221,64.18908221,73.60348093,76.17104422,77.88275308,83.87373408,83.87373408,89.86471509,91.57642395,98.42325938,100.99082267,104.41424039,106.98180368,111.26107583,114.68449354,114.68449354,114.68449354,120.67547455,120.67547455,129.23401884,131.80158213,132.65743656,132.65743656,135.22499985,135.22499985,136.93670871,141.21598086,148.91867072,151.48623401,157.47721502,163.46819602,163.46819602,170.31503146,174.5943036,176.30601246,176.30601246,179.72943018,181.44113904,184.00870233,187.43212005,192.56724662,193.42310105,204.54920863,211.39604407,213.96360736,216.53117065,217.38702508,229.36898709,234.50411366,243.91851239,249.90949339,256.75632883,260.17974655,261.89145541,268.73829084,275.58512628,281.57610728,284.14367057,287.56708829,290.13465158,291.84636044,296.12563258,297.83734144,297.83734144,299.5490503,302.97246802],"dailyDeaths":[0,0,0,0,0,0,0,0,0,0,0,0,0,0,0,0,0,0,0,0,0,0,0,0,0,0,0,0,0,0,0,0,0,0,0,0,0,0,0,0,0,0,0,0,0,0,0,0,0,0,0,0,0,0,0,0,0,0,0,0,0,0,0,0,0,0,0,0,2,0,1,0,0,0,0,0,0,0,0,0,1,0,0,0,0,0,0,0,0,0,0,0,0,0,0,0,1,0,1,1,0,0,0,0,0,0,0,0,0,0,0,0,0,0,0,0,0,0,0,0,0,0,0,0,0,1,2,0,0,0,1,0,0,0,0,0,0,0,2,0,0,0,0,0,0,0,0,0,0,0,0,0,0,0,0,0,0,0,0,0,0,0,1,0,0,0,0,1,0,0,0,0,0,0,0,0,0,0,0,0,0,0,0,1,0,0,0,0,1,0,1,0,0,0,0,0,0,1,1,0,0,0,0,0,0,0,1,1,0,0,0,0,0,0,0,0,1,1,0,0,0,0,0,0,0,0,0,0,0,0,0,0,0,0,0,0,0,0,0,0,0,0,0,0,0,0,0,0,0,0,0,0,0,0,0,0,0,0,0,0,0,0,0,1,0,0,0,0,0,0,0,0,0,0,0,0,0,0,0,0,0,0,0,0,0,0,0,0,0,0,2,1,1,0,0,0,0,0,2,0,0,1,0,1,0,0,4,0,0,3,4,1,0,2,4,2,1,1,0,4,1,6,5,4,0,11,3,2,7,0,7,2,8,3,4,3,5,4,0,0,7,0,10,3,1,0,3,0,2,5,9,3,7,7,0,8,5,2,0,4,2,3,4,6,1,13,8,3,3,1,14,6,11,7,8,4,2,8,8,7,3,4,3,2,5,2,0,2,4],"dailyDeathsPerMillion":[0,0,0,0,0,0,0,0,0,0,0,0,0,0,0,0,0,0,0,0,0,0,0,0,0,0,0,0,0,0,0,0,0,0,0,0,0,0,0,0,0,0,0,0,0,0,0,0,0,0,0,0,0,0,0,0,0,0,0,0,0,0,0,0,0,0,0,0,1.71170886,0,0.85585443,0,0,0,0,0,0,0,0,0,0.85585443,0,0,0,0,0,0,0,0,0,0,0,0,0,0,0,0.85585443,0,0.85585443,0.85585443,0,0,0,0,0,0,0,0,0,0,0,0,0,0,0,0,0,0,0,0,0,0,0,0,0,0.85585443,1.71170886,0,0,0,0.85585443,0,0,0,0,0,0,0,1.71170886,0,0,0,0,0,0,0,0,0,0,0,0,0,0,0,0,0,0,0,0,0,0,0,0.85585443,0,0,0,0,0.85585443,0,0,0,0,0,0,0,0,0,0,0,0,0,0,0,0.85585443,0,0,0,0,0.85585443,0,0.85585443,0,0,0,0,0,0,0.85585443,0.85585443,0,0,0,0,0,0,0,0.85585443,0.85585443,0,0,0,0,0,0,0,0,0.85585443,0.85585443,0,0,0,0,0,0,0,0,0,0,0,0,0,0,0,0,0,0,0,0,0,0,0,0,0,0,0,0,0,0,0,0,0,0,0,0,0,0,0,0,0,0,0,0,0,0.85585443,0,0,0,0,0,0,0,0,0,0,0,0,0,0,0,0,0,0,0,0,0,0,0,0,0,0,1.71170886,0.85585443,0.85585443,0,0,0,0,0,1.71170886,0,0,0.85585443,0,0.85585443,0,0,3.42341772,0,0,2.56756329,3.42341772,0.85585443,0,1.71170886,3.42341772,1.71170886,0.85585443,0.85585443,0,3.42341772,0.85585443,5.13512658,4.27927215,3.42341772,0,9.41439872,2.56756329,1.71170886,5.99098101,0,5.99098101,1.71170886,6.84683544,2.56756329,3.42341772,2.56756329,4.27927215,3.42341772,0,0,5.99098101,0,8.55854429,2.56756329,0.85585443,0,2.56756329,0,1.71170886,4.27927215,7.70268986,2.56756329,5.99098101,5.99098101,0,6.84683544,4.27927215,1.71170886,0,3.42341772,1.71170886,2.56756329,3.42341772,5.13512658,0.85585443,11.12610758,6.84683544,2.56756329,2.56756329,0.85585443,11.98196201,5.13512658,9.41439872,5.99098101,6.84683544,3.42341772,1.71170886,6.84683544,6.84683544,5.99098101,2.56756329,3.42341772,2.56756329,1.71170886,4.27927215,1.71170886,0,1.71170886,3.42341772],