{"cumulativeDeaths":[0,0,0,0,0,0,0,0,0,0,0,0,0,0,0,0,0,0,0,0,0,0,0,0,0,0,0,0,0,0,0,0,0,0,0,0,0,0,0,0,0,0,0,0,0,0,0,0,0,0,0,0,0,0,0,0,0,0,0,0,0,0,0,0,0,0,0,0,0,0,0,0,0,0,0,0,0,0,0,0,0,0,0,0,0,0,0,0,0,0,0,0,0,0,0,0,0,0,0,0,0,0,0,0,0,0,0,0,0,0,0,0,0,0,0,0,0,0,0,0,0,0,0,0,0,0,0,0,0,0,0,0,0,0,1,1,1,1,1,1,1,1,1,2,2,2,2,2,2,2,2,2,2,2,2,2,2,2,2,2,2,2,2,2,2,2,2,2,2,2,2,2,2,2,2,2,2,2,2,2,2,2,2,2,2,2,2,2,2,2,2,2,2,2,2,2,2,2,2,2,2,2,2,2,2,2,2,2,2,2,2,2,2,2,2,2,2,2,2,2,2,2,2,2,2,2,2,2,2,2,2,2,2,2,2,2,2,2,2,2,2,2,2,2,2,2,2,2,2,2,2,2,2,2,2,2,2,2,2,2,2,2,2,2,2,2,2,2,2,2,3,3,3,4,4,4,4,6,6,6,6,6,6,6,6,6,6,6,6,6,6,6,6,6,6,6,6,6,6,6,6,6,6,6,6,6,7,7,7,7,7,7,7,7,7,7,7,7,7,7,7,7,7,7,8,8,8,8,8,8,8,8,8,8,8,8,8,8,8,8,8,8,8,8,9,9,9,9,9,9,9,9,9,9,9,9,11,12,12,12,12,12,12,13,13,13,13,13,13,14,14,16,16,17,18,18],"cumulativeDeathsPerMillion":[0,0,0,0,0,0,0,0,0,0,0,0,0,0,0,0,0,0,0,0,0,0,0,0,0,0,0,0,0,0,0,0,0,0,0,0,0,0,0,0,0,0,0,0,0,0,0,0,0,0,0,0,0,0,0,0,0,0,0,0,0,0,0,0,0,0,0,0,0,0,0,0,0,0,0,0,0,0,0,0,0,0,0,0,0,0,0,0,0,0,0,0,0,0,0,0,0,0,0,0,0,0,0,0,0,0,0,0,0,0,0,0,0,0,0,0,0,0,0,0,0,0,0,0,0,0,0,0,0,0,0,0,0,0,1.29517908,1.29517908,1.29517908,1.29517908,1.29517908,1.29517908,1.29517908,1.29517908,1.29517908,2.59035817,2.59035817,2.59035817,2.59035817,2.59035817,2.59035817,2.59035817,2.59035817,2.59035817,2.59035817,2.59035817,2.59035817,2.59035817,2.59035817,2.59035817,2.59035817,2.59035817,2.59035817,2.59035817,2.59035817,2.59035817,2.59035817,2.59035817,2.59035817,2.59035817,2.59035817,2.59035817,2.59035817,2.59035817,2.59035817,2.59035817,2.59035817,2.59035817,2.59035817,2.59035817,2.59035817,2.59035817,2.59035817,2.59035817,2.59035817,2.59035817,2.59035817,2.59035817,2.59035817,2.59035817,2.59035817,2.59035817,2.59035817,2.59035817,2.59035817,2.59035817,2.59035817,2.59035817,2.59035817,2.59035817,2.59035817,2.59035817,2.59035817,2.59035817,2.59035817,2.59035817,2.59035817,2.59035817,2.59035817,2.59035817,2.59035817,2.59035817,2.59035817,2.59035817,2.59035817,2.59035817,2.59035817,2.59035817,2.59035817,2.59035817,2.59035817,2.59035817,2.59035817,2.59035817,2.59035817,2.59035817,2.59035817,2.59035817,2.59035817,2.59035817,2.59035817,2.59035817,2.59035817,2.59035817,2.59035817,2.59035817,2.59035817,2.59035817,2.59035817,2.59035817,2.59035817,2.59035817,2.59035817,2.59035817,2.59035817,2.59035817,2.59035817,2.59035817,2.59035817,2.59035817,2.59035817,2.59035817,2.59035817,2.59035817,2.59035817,2.59035817,2.59035817,2.59035817,2.59035817,2.59035817,2.59035817,2.59035817,2.59035817,2.59035817,2.59035817,2.59035817,2.59035817,2.59035817,2.59035817,2.59035817,2.59035817,2.59035817,3.88553725,3.88553725,3.88553725,5.18071634,5.18071634,5.18071634,5.18071634,7.77107451,7.77107451,7.77107451,7.77107451,7.77107451,7.77107451,7.77107451,7.77107451,7.77107451,7.77107451,7.77107451,7.77107451,7.77107451,7.77107451,7.77107451,7.77107451,7.77107451,7.77107451,7.77107451,7.77107451,7.77107451,7.77107451,7.77107451,7.77107451,7.77107451,7.77107451,7.77107451,7.77107451,7.77107451,9.06625359,9.06625359,9.06625359,9.06625359,9.06625359,9.06625359,9.06625359,9.06625359,9.06625359,9.06625359,9.06625359,9.06625359,9.06625359,9.06625359,9.06625359,9.06625359,9.06625359,9.06625359,10.36143268,10.36143268,10.36143268,10.36143268,10.36143268,10.36143268,10.36143268,10.36143268,10.36143268,10.36143268,10.36143268,10.36143268,10.36143268,10.36143268,10.36143268,10.36143268,10.36143268,10.36143268,10.36143268,10.36143268,11.65661176,11.65661176,11.65661176,11.65661176,11.65661176,11.65661176,11.65661176,11.65661176,11.65661176,11.65661176,11.65661176,11.65661176,14.24696993,15.54214901,15.54214901,15.54214901,15.54214901,15.54214901,15.54214901,16.8373281,16.8373281,16.8373281,16.8373281,16.8373281,16.8373281,18.13250718,18.13250718,20.72286535,20.72286535,22.01804444,23.31322352,23.31322352],"dailyDeaths":[0,0,0,0,0,0,0,0,0,0,0,0,0,0,0,0,0,0,0,0,0,0,0,0,0,0,0,0,0,0,0,0,0,0,0,0,0,0,0,0,0,0,0,0,0,0,0,0,0,0,0,0,0,0,0,0,0,0,0,0,0,0,0,0,0,0,0,0,0,0,0,0,0,0,0,0,0,0,0,0,0,0,0,0,0,0,0,0,0,0,0,0,0,0,0,0,0,0,0,0,0,0,0,0,0,0,0,0,0,0,0,0,0,0,0,0,0,0,0,0,0,0,0,0,0,0,0,0,0,0,0,0,0,0,1,0,0,0,0,0,0,0,0,1,0,0,0,0,0,0,0,0,0,0,0,0,0,0,0,0,0,0,0,0,0,0,0,0,0,0,0,0,0,0,0,0,0,0,0,0,0,0,0,0,0,0,0,0,0,0,0,0,0,0,0,0,0,0,0,0,0,0,0,0,0,0,0,0,0,0,0,0,0,0,0,0,0,0,0,0,0,0,0,0,0,0,0,0,0,0,0,0,0,0,0,0,0,0,0,0,0,0,0,0,0,0,0,0,0,0,0,0,0,0,0,0,0,0,0,0,0,0,0,0,0,0,0,0,0,0,1,0,0,1,0,0,0,2,0,0,0,0,0,0,0,0,0,0,0,0,0,0,0,0,0,0,0,0,0,0,0,0,0,0,0,0,1,0,0,0,0,0,0,0,0,0,0,0,0,0,0,0,0,0,1,0,0,0,0,0,0,0,0,0,0,0,0,0,0,0,0,0,0,0,1,0,0,0,0,0,0,0,0,0,0,0,2,1,0,0,0,0,0,1,0,0,0,0,0,1,0,2,0,1,1,0],"dailyDeathsPerMillion":[0,0,0,0,0,0,0,0,0,0,0,0,0,0,0,0,0,0,0,0,0,0,0,0,0,0,0,0,0,0,0,0,0,0,0,0,0,0,0,0,0,0,0,0,0,0,0,0,0,0,0,0,0,0,0,0,0,0,0,0,0,0,0,0,0,0,0,0,0,0,0,0,0,0,0,0,0,0,0,0,0,0,0,0,0,0,0,0,0,0,0,0,0,0,0,0,0,0,0,0,0,0,0,0,0,0,0,0,0,0,0,0,0,0,0,0,0,0,0,0,0,0,0,0,0,0,0,0,0,0,0,0,0,0,1.29517908,0,0,0,0,0,0,0,0,1.29517908,0,0,0,0,0,0,0,0,0,0,0,0,0,0,0,0,0,0,0,0,0,0,0,0,0,0,0,0,0,0,0,0,0,0,0,0,0,0,0,0,0,0,0,0,0,0,0,0,0,0,0,0,0,0,0,0,0,0,0,0,0,0,0,0,0,0,0,0,0,0,0,0,0,0,0,0,0,0,0,0,0,0,0,0,0,0,0,0,0,0,0,0,0,0,0,0,0,0,0,0,0,0,0,0,0,0,0,0,0,0,0,0,0,0,0,0,0,0,0,0,0,0,0,0,0,0,1.29517908,0,0,1.29517908,0,0,0,2.59035817,0,0,0,0,0,0,0,0,0,0,0,0,0,0,0,0,0,0,0,0,0,0,0,0,0,0,0,0,1.29517908,0,0,0,0,0,0,0,0,0,0,0,0,0,0,0,0,0,1.29517908,0,0,0,0,0,0,0,0,0,0,0,0,0,0,0,0,0,0,0,1.29517908,0,0,0,0,0,0,0,0,0,0,0,2.59035817,1.29517908,0,0,0,0,0,1.29517908,0,0,0,0,0,1.29517908,0,2.59035817,0,1.29517908,1.29517908,0],"cumulativeConfirmedCases":[0,0,0,0,0,0,0,0,0,0,0,0,0,0,0,0,0,0,0,0,0,0,0,0,0,0,0,0,0,0,0,0,0,0,0,0,0,0,0,0,0,0,0,0,0,0,0,0,0,1,1,1,1,2,6,8,11,11,11,17,17,17,18,18,33,45,51,66,68,70,81,91,91,91,98,103,105,105,108,112,112,114,116,116,117,117,117,117,118,118,118,118,118,118,118,118,118,118,118,118,118,118,118,118,119,120,120,120,120,120,120,120,120,120,120,120,120,120,120,120,121,121,121,121,121,122,123,126,128,129,132,132,133,135,136,136,136,137,146,147,151,153,154,157,157,160,163,164,164,164,164,164,164,165,165,165,165,165,165,165,165,165,165,165,165,165,165,165,165,166,166,166,166,166,167,168,168,168,168,169,170,170,170,170,170,170,170,170,170,170,170,170,170,170,170,170,174,176,176,176,176,176,177,178,180,180,184,186,186,186,186,186,188,188,189,189,190,190,190,191,191,191,191,191,192,192,192,192,192,192,192,192,193,193,193,193,194,194,194,194,194,194,194,196,196,197,199,200,200,200,200,200,200,200,200,201,201,203,205,222,225,238,258,272,278,284,292,292,297,297,310,313,313,319,322,324,326,328,331,334,337,341,342,343,344,344,344,347,349,350,353,354,355,355,355,356,358,364,367,375,379,388,392,401,424,430,445,450,453,465,477,481,495,501,508,514,520,528,530,534,536,541,542,546,554,555,557,558,559,567,573,573,574,574,578,580,585,587,588,590,592,593,595,596,599,601,611,618,635,662,693,717,735,765,779,800,817,836,859,884,911,947,973,1004,1025,1057,1087,1104,1124,1151,1161,1175,1202,1218,1230,1256],