{"cumulativeDeaths":[0,0,0,0,0,0,0,0,0,0,0,0,0,0,0,0,0,1,2,2,2,2,2,2,2,2,2,2,2,2,2,2,2,2,2,2,2,2,2,2,2,2,2,2,2,2,2,2,2,2,2,2,2,2,2,2,2,2,2,2,2,2,2,2,2,2,2,2,2,2,2,2,2,2,2,2,2,2,2,2,2,2,2,2,2,2,2,2,2,2,2,2,2,2,2,2,2,2,2,2,2,2,2,2,2,2,2,2,2,2,2,2,2,2,2,2,2,2,2,2,2,2,2,2,2,2,2,2,2,2,2,2,2,2,2,2,2,2,2,2,2,2,2,2,2,2,2,2,2,2,2,2,2,2,2,2,2,2,2,2,2,2,2,2,2,2,2,2,2,2,2,2,2,2,2,2,2,2,2,2,2,2,2,2,2,2,2,2,2,2,2,2,2,2,2,2,2,2,2,2,2,2,2,2,2,2,2,2,2,2,2,2,2,2,2,2,2,2,2,2,2,2,2,2,2,2,2,2,2,2,2,2,2,2,2,2,2,2,2,2,2,2,2,2,2,2,2,2,2,2,2,2,2,2,2,2,2,2,2,2,2,2,2,2,2,2,2,2,2,2,2,2,2,2,2,2,2,2,2,2,2,2,2,2,2,2,2,2,2,2,2,2,2,2,2,2,2,2,2,2,2,2,2,2,2,2,2,2,2,2,2,2,2,2,2,2,2,2,2,2,2],"cumulativeDeathsPerMillion":[0,0,0,0,0,0,0,0,0,0,0,0,0,0,0,0,0,0.0391003,0.07820059,0.07820059,0.07820059,0.07820059,0.07820059,0.07820059,0.07820059,0.07820059,0.07820059,0.07820059,0.07820059,0.07820059,0.07820059,0.07820059,0.07820059,0.07820059,0.07820059,0.07820059,0.07820059,0.07820059,0.07820059,0.07820059,0.07820059,0.07820059,0.07820059,0.07820059,0.07820059,0.07820059,0.07820059,0.07820059,0.07820059,0.07820059,0.07820059,0.07820059,0.07820059,0.07820059,0.07820059,0.07820059,0.07820059,0.07820059,0.07820059,0.07820059,0.07820059,0.07820059,0.07820059,0.07820059,0.07820059,0.07820059,0.07820059,0.07820059,0.07820059,0.07820059,0.07820059,0.07820059,0.07820059,0.07820059,0.07820059,0.07820059,0.07820059,0.07820059,0.07820059,0.07820059,0.07820059,0.07820059,0.07820059,0.07820059,0.07820059,0.07820059,0.07820059,0.07820059,0.07820059,0.07820059,0.07820059,0.07820059,0.07820059,0.07820059,0.07820059,0.07820059,0.07820059,0.07820059,0.07820059,0.07820059,0.07820059,0.07820059,0.07820059,0.07820059,0.07820059,0.07820059,0.07820059,0.07820059,0.07820059,0.07820059,0.07820059,0.07820059,0.07820059,0.07820059,0.07820059,0.07820059,0.07820059,0.07820059,0.07820059,0.07820059,0.07820059,0.07820059,0.07820059,0.07820059,0.07820059,0.07820059,0.07820059,0.07820059,0.07820059,0.07820059,0.07820059,0.07820059,0.07820059,0.07820059,0.07820059,0.07820059,0.07820059,0.07820059,0.07820059,0.07820059,0.07820059,0.07820059,0.07820059,0.07820059,0.07820059,0.07820059,0.07820059,0.07820059,0.07820059,0.07820059,0.07820059,0.07820059,0.07820059,0.07820059,0.07820059,0.07820059,0.07820059,0.07820059,0.07820059,0.07820059,0.07820059,0.07820059,0.07820059,0.07820059,0.07820059,0.07820059,0.07820059,0.07820059,0.07820059,0.07820059,0.07820059,0.07820059,0.07820059,0.07820059,0.07820059,0.07820059,0.07820059,0.07820059,0.07820059,0.07820059,0.07820059,0.07820059,0.07820059,0.07820059,0.07820059,0.07820059,0.07820059,0.07820059,0.07820059,0.07820059,0.07820059,0.07820059,0.07820059,0.07820059,0.07820059,0.07820059,0.07820059,0.07820059,0.07820059,0.07820059,0.07820059,0.07820059,0.07820059,0.07820059,0.07820059,0.07820059,0.07820059,0.07820059,0.07820059,0.07820059,0.07820059,0.07820059,0.07820059,0.07820059,0.07820059,0.07820059,0.07820059,0.07820059,0.07820059,0.07820059,0.07820059,0.07820059,0.07820059,0.07820059,0.07820059,0.07820059,0.07820059,0.07820059,0.07820059,0.07820059,0.07820059,0.07820059,0.07820059,0.07820059,0.07820059,0.07820059,0.07820059,0.07820059,0.07820059,0.07820059,0.07820059,0.07820059,0.07820059,0.07820059,0.07820059,0.07820059,0.07820059,0.07820059,0.07820059,0.07820059,0.07820059,0.07820059,0.07820059,0.07820059,0.07820059,0.07820059,0.07820059,0.07820059,0.07820059,0.07820059,0.07820059,0.07820059,0.07820059,0.07820059,0.07820059,0.07820059,0.07820059,0.07820059,0.07820059,0.07820059,0.07820059,0.07820059,0.07820059,0.07820059,0.07820059,0.07820059,0.07820059,0.07820059,0.07820059,0.07820059,0.07820059,0.07820059,0.07820059,0.07820059,0.07820059,0.07820059,0.07820059,0.07820059,0.07820059,0.07820059,0.07820059,0.07820059,0.07820059,0.07820059,0.07820059,0.07820059,0.07820059,0.07820059,0.07820059,0.07820059,0.07820059,0.07820059,0.07820059,0.07820059,0.07820059,0.07820059,0.07820059,0.07820059,0.07820059,0.07820059,0.07820059,0.07820059,0.07820059,0.07820059,0.07820059,0.07820059,0.07820059,0.07820059,0.07820059,0.07820059,0.07820059],"dailyDeaths":[0,0,0,0,0,0,0,0,0,0,0,0,0,0,0,0,0,1,1,0,0,0,0,0,0,0,0,0,0,0,0,0,0,0,0,0,0,0,0,0,0,0,0,0,0,0,0,0,0,0,0,0,0,0,0,0,0,0,0,0,0,0,0,0,0,0,0,0,0,0,0,0,0,0,0,0,0,0,0,0,0,0,0,0,0,0,0,0,0,0,0,0,0,0,0,0,0,0,0,0,0,0,0,0,0,0,0,0,0,0,0,0,0,0,0,0,0,0,0,0,0,0,0,0,0,0,0,0,0,0,0,0,0,0,0,0,0,0,0,0,0,0,0,0,0,0,0,0,0,0,0,0,0,0,0,0,0,0,0,0,0,0,0,0,0,0,0,0,0,0,0,0,0,0,0,0,0,0,0,0,0,0,0,0,0,0,0,0,0,0,0,0,0,0,0,0,0,0,0,0,0,0,0,0,0,0,0,0,0,0,0,0,0,0,0,0,0,0,0,0,0,0,0,0,0,0,0,0,0,0,0,0,0,0,0,0,0,0,0,0,0,0,0,0,0,0,0,0,0,0,0,0,0,0,0,0,0,0,0,0,0,0,0,0,0,0,0,0,0,0,0,0,0,0,0,0,0,0,0,0,0,0,0,0,0,0,0,0,0,0,0,0,0,0,0,0,0,0,0,0,0,0,0,0,0,0,0,0,0,0,0,0,0,0,0,0,0,0,0,0,0],"dailyDeathsPerMillion":[0,0,0,0,0,0,0,0,0,0,0,0,0,0,0,0,0,0.0391003,0.0391003,0,0,0,0,0,0,0,0,0,0,0,0,0,0,0,0,0,0,0,0,0,0,0,0,0,0,0,0,0,0,0,0,0,0,0,0,0,0,0,0,0,0,0,0,0,0,0,0,0,0,0,0,0,0,0,0,0,0,0,0,0,0,0,0,0,0,0,0,0,0,0,0,0,0,0,0,0,0,0,0,0,0,0,0,0,0,0,0,0,0,0,0,0,0,0,0,0,0,0,0,0,0,0,0,0,0,0,0,0,0,0,0,0,0,0,0,0,0,0,0,0,0,0,0,0,0,0,0,0,0,0,0,0,0,0,0,0,0,0,0,0,0,0,0,0,0,0,0,0,0,0,0,0,0,0,0,0,0,0,0,0,0,0,0,0,0,0,0,0,0,0,0,0,0,0,0,0,0,0,0,0,0,0,0,0,0,0,0,0,0,0,0,0,0,0,0,0,0,0,0,0,0,0,0,0,0,0,0,0,0,0,0,0,0,0,0,0,0,0,0,0,0,0,0,0,0,0,0,0,0,0,0,0,0,0,0,0,0,0,0,0,0,0,0,0,0,0,0,0,0,0,0,0,0,0,0,0,0,0,0,0,0,0,0,0,0,0,0,0,0,0,0,0,0,0,0,0,0,0,0,0,0,0,0,0,0,0,0,0,0,0,0,0,0,0,0,0,0,0,0,0,0],"cumulativeConfirmedCases":[0,2,2,4,7,14,19,24,26,29,40,51,55,57,62,62,67,79,83,83,86,87,90,90,90,90,91,91,91,91,91,91,91,91,91,91,91,91,91,91,91,91,91,102,119,120,124,124,125,127,127,127,129,133,133,133,133,134,134,134,136,136,136,136,136,136,136,138,138,138,138,138,138,138,138,139,139,139,139,139,139,139,139,139,139,139,139,139,139,139,139,139,139,139,139,139,139,139,139,139,139,139,139,139,139,139,139,139,139,139,139,139,139,139,139,139,139,139,139,139,139,139,139,139,139,139,139,139,139,139,139,139,139,139,139,139,139,139,139,139,139,139,139,139,139,139,149,150,151,151,151,151,158,158,161,161,162,163,163,164,164,164,164,164,167,167,167,167,167,167,167,167,167,167,167,167,167,167,167,167,167,167,167,167,167,167,167,167,167,167,167,167,167,167,167,167,167,167,167,167,167,169,169,169,169,169,169,169,169,169,169,169,169,169,169,169,169,169,169,169,169,169,169,169,169,169,169,170,170,170,170,170,170,170,170,170,170,170,170,170,170,170,170,170,170,170,170,170,170,170,170,170,170,170,170,170,170,170,170,170,170,170,170,170,170,170,170,170,170,170,170,170,170,170,170,170,170,170,170,170,170,170,170,177,180,180,180,180,180,180,180,180,180,180,180,181,181,181,181,181,181,181,181,181,181,181,181,181,181,181,181,182,182,182,182,182,182,182,182,182,182],