{"cumulativeDeaths":[0,0,0,0,0,0,0,0,0,0,0,0,0,0,0,0,0,0,1,1,1,1,2,2,2,2,2,2,2,2,2,2,2,2,2,2,2,2,2,2,2,2,2,2,2,2,2,2,2,2,2,2,2,2,2,2,2,2,2,2,2,2,2,2,2,2,2,2,2,2,2,2,2,2,2,2,2,2,2,2,2,2,2,2,2,2,2,2,2,2,2,2,2,2,2,2,2,2,2,2,2,2,2,2,2,2,2,2,2,2,2,2,2,2,2,2,2,2,2,2,2,2,2,2,2,2,2,2,2,2,2,2,2,2,2,2,2,2,2,2,2,2,2,2,2,2,2,2,2,2,2,2,2,2,2,2,2,2,2,2,2,2,2,2,2,2,2,2,2,2,2,2,2,2,2,2,2,2,2,2,2,2,2,2,2,2,2,2,2,2,2,2,2,2,2,2,2,2,2,2,2,2,2,2,2,2,2,2,2,2,2,2,2,2,2,2,2,2,2,2,2,2,2,2,2,2,2,2,2,2,2,2,2,2,2,2,2,2,2,2,2,2,2,2,2,2,2,2,2,2,2,2,2,2,2,2,2,2,2,2,2,2,2,2,2,2,2,2,2,2,2,2,2,2,2,2,2,2,2,2,2,2,2,2,2,2,2,2,2,2,2,2,2,2,2,2,2,2,2,2,2,2,2,2,2,2,2,2,2,2],"cumulativeDeathsPerMillion":[0,0,0,0,0,0,0,0,0,0,0,0,0,0,0,0,0,0,0.02172655,0.02172655,0.02172655,0.02172655,0.04345311,0.04345311,0.04345311,0.04345311,0.04345311,0.04345311,0.04345311,0.04345311,0.04345311,0.04345311,0.04345311,0.04345311,0.04345311,0.04345311,0.04345311,0.04345311,0.04345311,0.04345311,0.04345311,0.04345311,0.04345311,0.04345311,0.04345311,0.04345311,0.04345311,0.04345311,0.04345311,0.04345311,0.04345311,0.04345311,0.04345311,0.04345311,0.04345311,0.04345311,0.04345311,0.04345311,0.04345311,0.04345311,0.04345311,0.04345311,0.04345311,0.04345311,0.04345311,0.04345311,0.04345311,0.04345311,0.04345311,0.04345311,0.04345311,0.04345311,0.04345311,0.04345311,0.04345311,0.04345311,0.04345311,0.04345311,0.04345311,0.04345311,0.04345311,0.04345311,0.04345311,0.04345311,0.04345311,0.04345311,0.04345311,0.04345311,0.04345311,0.04345311,0.04345311,0.04345311,0.04345311,0.04345311,0.04345311,0.04345311,0.04345311,0.04345311,0.04345311,0.04345311,0.04345311,0.04345311,0.04345311,0.04345311,0.04345311,0.04345311,0.04345311,0.04345311,0.04345311,0.04345311,0.04345311,0.04345311,0.04345311,0.04345311,0.04345311,0.04345311,0.04345311,0.04345311,0.04345311,0.04345311,0.04345311,0.04345311,0.04345311,0.04345311,0.04345311,0.04345311,0.04345311,0.04345311,0.04345311,0.04345311,0.04345311,0.04345311,0.04345311,0.04345311,0.04345311,0.04345311,0.04345311,0.04345311,0.04345311,0.04345311,0.04345311,0.04345311,0.04345311,0.04345311,0.04345311,0.04345311,0.04345311,0.04345311,0.04345311,0.04345311,0.04345311,0.04345311,0.04345311,0.04345311,0.04345311,0.04345311,0.04345311,0.04345311,0.04345311,0.04345311,0.04345311,0.04345311,0.04345311,0.04345311,0.04345311,0.04345311,0.04345311,0.04345311,0.04345311,0.04345311,0.04345311,0.04345311,0.04345311,0.04345311,0.04345311,0.04345311,0.04345311,0.04345311,0.04345311,0.04345311,0.04345311,0.04345311,0.04345311,0.04345311,0.04345311,0.04345311,0.04345311,0.04345311,0.04345311,0.04345311,0.04345311,0.04345311,0.04345311,0.04345311,0.04345311,0.04345311,0.04345311,0.04345311,0.04345311,0.04345311,0.04345311,0.04345311,0.04345311,0.04345311,0.04345311,0.04345311,0.04345311,0.04345311,0.04345311,0.04345311,0.04345311,0.04345311,0.04345311,0.04345311,0.04345311,0.04345311,0.04345311,0.04345311,0.04345311,0.04345311,0.04345311,0.04345311,0.04345311,0.04345311,0.04345311,0.04345311,0.04345311,0.04345311,0.04345311,0.04345311,0.04345311,0.04345311,0.04345311,0.04345311,0.04345311,0.04345311,0.04345311,0.04345311,0.04345311,0.04345311,0.04345311,0.04345311,0.04345311,0.04345311,0.04345311,0.04345311,0.04345311,0.04345311,0.04345311,0.04345311,0.04345311,0.04345311,0.04345311,0.04345311,0.04345311,0.04345311,0.04345311,0.04345311,0.04345311,0.04345311,0.04345311,0.04345311,0.04345311,0.04345311,0.04345311,0.04345311,0.04345311,0.04345311,0.04345311,0.04345311,0.04345311,0.04345311,0.04345311,0.04345311,0.04345311,0.04345311,0.04345311,0.04345311,0.04345311,0.04345311,0.04345311,0.04345311,0.04345311,0.04345311,0.04345311,0.04345311,0.04345311,0.04345311,0.04345311,0.04345311,0.04345311,0.04345311,0.04345311,0.04345311,0.04345311,0.04345311,0.04345311,0.04345311,0.04345311,0.04345311,0.04345311,0.04345311,0.04345311,0.04345311,0.04345311,0.04345311,0.04345311,0.04345311,0.04345311,0.04345311],"dailyDeaths":[0,0,0,0,0,0,0,0,0,0,0,0,0,0,0,0,0,0,1,0,0,0,1,0,0,0,0,0,0,0,0,0,0,0,0,0,0,0,0,0,0,0,0,0,0,0,0,0,0,0,0,0,0,0,0,0,0,0,0,0,0,0,0,0,0,0,0,0,0,0,0,0,0,0,0,0,0,0,0,0,0,0,0,0,0,0,0,0,0,0,0,0,0,0,0,0,0,0,0,0,0,0,0,0,0,0,0,0,0,0,0,0,0,0,0,0,0,0,0,0,0,0,0,0,0,0,0,0,0,0,0,0,0,0,0,0,0,0,0,0,0,0,0,0,0,0,0,0,0,0,0,0,0,0,0,0,0,0,0,0,0,0,0,0,0,0,0,0,0,0,0,0,0,0,0,0,0,0,0,0,0,0,0,0,0,0,0,0,0,0,0,0,0,0,0,0,0,0,0,0,0,0,0,0,0,0,0,0,0,0,0,0,0,0,0,0,0,0,0,0,0,0,0,0,0,0,0,0,0,0,0,0,0,0,0,0,0,0,0,0,0,0,0,0,0,0,0,0,0,0,0,0,0,0,0,0,0,0,0,0,0,0,0,0,0,0,0,0,0,0,0,0,0,0,0,0,0,0,0,0,0,0,0,0,0,0,0,0,0,0,0,0,0,0,0,0,0,0,0,0,0,0,0,0,0,0,0,0,0,0],"dailyDeathsPerMillion":[0,0,0,0,0,0,0,0,0,0,0,0,0,0,0,0,0,0,0.02172655,0,0,0,0.02172655,0,0,0,0,0,0,0,0,0,0,0,0,0,0,0,0,0,0,0,0,0,0,0,0,0,0,0,0,0,0,0,0,0,0,0,0,0,0,0,0,0,0,0,0,0,0,0,0,0,0,0,0,0,0,0,0,0,0,0,0,0,0,0,0,0,0,0,0,0,0,0,0,0,0,0,0,0,0,0,0,0,0,0,0,0,0,0,0,0,0,0,0,0,0,0,0,0,0,0,0,0,0,0,0,0,0,0,0,0,0,0,0,0,0,0,0,0,0,0,0,0,0,0,0,0,0,0,0,0,0,0,0,0,0,0,0,0,0,0,0,0,0,0,0,0,0,0,0,0,0,0,0,0,0,0,0,0,0,0,0,0,0,0,0,0,0,0,0,0,0,0,0,0,0,0,0,0,0,0,0,0,0,0,0,0,0,0,0,0,0,0,0,0,0,0,0,0,0,0,0,0,0,0,0,0,0,0,0,0,0,0,0,0,0,0,0,0,0,0,0,0,0,0,0,0,0,0,0,0,0,0,0,0,0,0,0,0,0,0,0,0,0,0,0,0,0,0,0,0,0,0,0,0,0,0,0,0,0,0,0,0,0,0,0,0,0,0,0,0,0,0,0,0,0,0,0,0,0,0,0,0,0,0,0,0,0,0],"cumulativeConfirmedCases":[2,5,23,23,36,46,51,58,78,87,100,111,127,139,150,168,172,183,195,210,215,222,222,226,235,237,238,242,244,245,246,249,249,251,252,252,252,252,252,252,252,252,252,252,252,252,252,252,252,252,252,252,252,252,252,253,253,253,254,254,254,254,254,254,254,254,254,254,254,254,254,254,254,254,254,254,254,254,254,254,254,254,254,254,254,254,254,254,254,254,254,254,254,254,254,254,254,254,254,254,254,254,254,254,254,254,254,254,254,254,254,254,254,254,254,254,254,254,254,254,254,254,254,254,254,254,254,254,254,254,254,254,254,254,254,254,254,254,254,254,254,254,254,254,254,254,254,254,254,254,254,254,254,254,254,254,254,254,254,254,254,254,254,254,254,254,254,254,254,254,254,254,254,254,254,254,255,255,255,255,255,255,255,255,255,255,255,255,255,255,255,255,255,255,255,255,255,255,255,255,255,255,255,255,255,255,255,255,255,255,255,255,255,255,255,255,255,255,255,255,255,255,255,255,255,257,257,257,257,257,257,257,257,257,258,258,258,258,258,258,258,258,258,258,258,259,259,259,259,259,259,259,259,259,259,260,260,260,260,260,260,260,260,260,260,260,260,260,260,260,260,260,260,260,260,260,260,260,260,260,260,260,260,260,260,260,260,260,260,260,260,260,260,260,260,260,260,260,260,260,260,262,262,262,263,263,263,263,263,263],