{"cumulativeDeaths":[0,0,1,1,1,1,1,1,2,2,2,2,2,2,2,3,3,5,6,7,8,8,9,11,11,11,11,11,12,12,12,12,12,12,12,12,13,13,13,13,13,13,13,13,13,13,13,13,13,13,13,13,13,13,13,13,13,13,13,13,13,13,13,13,13,13,13,13,13,13,13,13,13,13,13,13,13,13,13,13,13,13,13,13,13,13,13,13,13,13,13,13,13,13,13,13,13,13,13,13,13,13,13,13,13,13,13,13,13,13,13,13,13,13,13,13,13,13,13,13,13,13,13,13,13,13,13,13,13,13,13,13,13,13,13,13,13,13,13,13,13,13,13,13,13,13,13,13,13,13,13,13,13,13,13,13,13,13,13,13,13,13,13,13,13,13,13,13,13,13,13,13,13,13,13,13,13,13,13,13,13,13,13,13,13,13,13,13,13,13,13,13,13,13,13,13,13,13,13,13,13,13,13,13,13,13,13,13,13,13,13,13,13,13,13,13,13,13,13,13,13,13,13,13,13,13,13,13,13,13,13,13,13,13,13,13,13,13,13,13,13,13,13,13,13,13,13,13,13,13,13,13,13,13,13,13,13,13,13,13,13,13,13,13,13,13,13,13,13,13,13,13,13,13,13,13,13,13,13,13,13,13,13,13,13,13,13,13,13,13,13,13,13,13,13,13,13,13,13,13,13,13,13,13,13,13,13],"cumulativeDeathsPerMillion":[0,0,0.02610133,0.02610133,0.02610133,0.02610133,0.02610133,0.02610133,0.05220266,0.05220266,0.05220266,0.05220266,0.05220266,0.05220266,0.05220266,0.07830399,0.07830399,0.13050665,0.15660798,0.18270931,0.20881064,0.20881064,0.23491197,0.28711463,0.28711463,0.28711463,0.28711463,0.28711463,0.31321596,0.31321596,0.31321596,0.31321596,0.31321596,0.31321596,0.31321596,0.31321596,0.33931729,0.33931729,0.33931729,0.33931729,0.33931729,0.33931729,0.33931729,0.33931729,0.33931729,0.33931729,0.33931729,0.33931729,0.33931729,0.33931729,0.33931729,0.33931729,0.33931729,0.33931729,0.33931729,0.33931729,0.33931729,0.33931729,0.33931729,0.33931729,0.33931729,0.33931729,0.33931729,0.33931729,0.33931729,0.33931729,0.33931729,0.33931729,0.33931729,0.33931729,0.33931729,0.33931729,0.33931729,0.33931729,0.33931729,0.33931729,0.33931729,0.33931729,0.33931729,0.33931729,0.33931729,0.33931729,0.33931729,0.33931729,0.33931729,0.33931729,0.33931729,0.33931729,0.33931729,0.33931729,0.33931729,0.33931729,0.33931729,0.33931729,0.33931729,0.33931729,0.33931729,0.33931729,0.33931729,0.33931729,0.33931729,0.33931729,0.33931729,0.33931729,0.33931729,0.33931729,0.33931729,0.33931729,0.33931729,0.33931729,0.33931729,0.33931729,0.33931729,0.33931729,0.33931729,0.33931729,0.33931729,0.33931729,0.33931729,0.33931729,0.33931729,0.33931729,0.33931729,0.33931729,0.33931729,0.33931729,0.33931729,0.33931729,0.33931729,0.33931729,0.33931729,0.33931729,0.33931729,0.33931729,0.33931729,0.33931729,0.33931729,0.33931729,0.33931729,0.33931729,0.33931729,0.33931729,0.33931729,0.33931729,0.33931729,0.33931729,0.33931729,0.33931729,0.33931729,0.33931729,0.33931729,0.33931729,0.33931729,0.33931729,0.33931729,0.33931729,0.33931729,0.33931729,0.33931729,0.33931729,0.33931729,0.33931729,0.33931729,0.33931729,0.33931729,0.33931729,0.33931729,0.33931729,0.33931729,0.33931729,0.33931729,0.33931729,0.33931729,0.33931729,0.33931729,0.33931729,0.33931729,0.33931729,0.33931729,0.33931729,0.33931729,0.33931729,0.33931729,0.33931729,0.33931729,0.33931729,0.33931729,0.33931729,0.33931729,0.33931729,0.33931729,0.33931729,0.33931729,0.33931729,0.33931729,0.33931729,0.33931729,0.33931729,0.33931729,0.33931729,0.33931729,0.33931729,0.33931729,0.33931729,0.33931729,0.33931729,0.33931729,0.33931729,0.33931729,0.33931729,0.33931729,0.33931729,0.33931729,0.33931729,0.33931729,0.33931729,0.33931729,0.33931729,0.33931729,0.33931729,0.33931729,0.33931729,0.33931729,0.33931729,0.33931729,0.33931729,0.33931729,0.33931729,0.33931729,0.33931729,0.33931729,0.33931729,0.33931729,0.33931729,0.33931729,0.33931729,0.33931729,0.33931729,0.33931729,0.33931729,0.33931729,0.33931729,0.33931729,0.33931729,0.33931729,0.33931729,0.33931729,0.33931729,0.33931729,0.33931729,0.33931729,0.33931729,0.33931729,0.33931729,0.33931729,0.33931729,0.33931729,0.33931729,0.33931729,0.33931729,0.33931729,0.33931729,0.33931729,0.33931729,0.33931729,0.33931729,0.33931729,0.33931729,0.33931729,0.33931729,0.33931729,0.33931729,0.33931729,0.33931729,0.33931729,0.33931729,0.33931729,0.33931729,0.33931729,0.33931729,0.33931729,0.33931729,0.33931729,0.33931729,0.33931729,0.33931729,0.33931729,0.33931729,0.33931729,0.33931729,0.33931729,0.33931729,0.33931729,0.33931729,0.33931729,0.33931729,0.33931729,0.33931729,0.33931729,0.33931729,0.33931729,0.33931729,0.33931729,0.33931729,0.33931729,0.33931729,0.33931729],"dailyDeaths":[0,0,1,0,0,0,0,0,1,0,0,0,0,0,0,1,0,2,1,1,1,0,1,2,0,0,0,0,1,0,0,0,0,0,0,0,1,0,0,0,0,0,0,0,0,0,0,0,0,0,0,0,0,0,0,0,0,0,0,0,0,0,0,0,0,0,0,0,0,0,0,0,0,0,0,0,0,0,0,0,0,0,0,0,0,0,0,0,0,0,0,0,0,0,0,0,0,0,0,0,0,0,0,0,0,0,0,0,0,0,0,0,0,0,0,0,0,0,0,0,0,0,0,0,0,0,0,0,0,0,0,0,0,0,0,0,0,0,0,0,0,0,0,0,0,0,0,0,0,0,0,0,0,0,0,0,0,0,0,0,0,0,0,0,0,0,0,0,0,0,0,0,0,0,0,0,0,0,0,0,0,0,0,0,0,0,0,0,0,0,0,0,0,0,0,0,0,0,0,0,0,0,0,0,0,0,0,0,0,0,0,0,0,0,0,0,0,0,0,0,0,0,0,0,0,0,0,0,0,0,0,0,0,0,0,0,0,0,0,0,0,0,0,0,0,0,0,0,0,0,0,0,0,0,0,0,0,0,0,0,0,0,0,0,0,0,0,0,0,0,0,0,0,0,0,0,0,0,0,0,0,0,0,0,0,0,0,0,0,0,0,0,0,0,0,0,0,0,0,0,0,0,0,0,0,0,0],"dailyDeathsPerMillion":[0,0,0.02610133,0,0,0,0,0,0.02610133,0,0,0,0,0,0,0.02610133,0,0.05220266,0.02610133,0.02610133,0.02610133,0,0.02610133,0.05220266,0,0,0,0,0.02610133,0,0,0,0,0,0,0,0.02610133,0,0,0,0,0,0,0,0,0,0,0,0,0,0,0,0,0,0,0,0,0,0,0,0,0,0,0,0,0,0,0,0,0,0,0,0,0,0,0,0,0,0,0,0,0,0,0,0,0,0,0,0,0,0,0,0,0,0,0,0,0,0,0,0,0,0,0,0,0,0,0,0,0,0,0,0,0,0,0,0,0,0,0,0,0,0,0,0,0,0,0,0,0,0,0,0,0,0,0,0,0,0,0,0,0,0,0,0,0,0,0,0,0,0,0,0,0,0,0,0,0,0,0,0,0,0,0,0,0,0,0,0,0,0,0,0,0,0,0,0,0,0,0,0,0,0,0,0,0,0,0,0,0,0,0,0,0,0,0,0,0,0,0,0,0,0,0,0,0,0,0,0,0,0,0,0,0,0,0,0,0,0,0,0,0,0,0,0,0,0,0,0,0,0,0,0,0,0,0,0,0,0,0,0,0,0,0,0,0,0,0,0,0,0,0,0,0,0,0,0,0,0,0,0,0,0,0,0,0,0,0,0,0,0,0,0,0,0,0,0,0,0,0,0,0,0,0,0,0,0,0,0,0,0,0,0,0,0,0,0,0,0,0,0,0,0,0,0,0,0],"cumulativeConfirmedCases":[0,2,4,9,15,21,33,38,44,59,80,95,121,155,190,227,277,295,307,331,360,378,395,419,425,445,457,464,470,476,479,479,480,480,480,480,480,480,480,480,480,480,480,481,481,481,481,481,481,482,482,482,482,482,482,482,482,483,484,484,484,484,484,484,484,484,484,484,484,484,484,488,489,491,504,524,544,569,609,638,661,684,740,819,841,861,872,892,898,905,913,921,928,930,935,936,939,939,939,944,944,944,944,944,944,944,944,944,944,945,945,945,945,945,945,945,945,945,945,945,945,945,945,945,945,945,945,945,945,945,945,945,945,947,947,947,947,947,947,947,947,947,947,947,947,947,947,947,947,947,947,947,947,947,947,947,947,947,947,947,947,947,947,947,947,947,947,947,947,947,947,947,947,947,947,947,947,947,947,947,947,947,947,947,947,947,947,947,947,947,947,947,947,947,947,947,947,947,947,947,947,948,948,948,948,948,948,948,948,948,948,948,948,948,948,948,948,948,948,948,948,948,948,948,948,948,948,948,948,948,948,948,948,948,948,948,948,948,948,948,948,948,948,948,948,948,948,948,948,948,948,948,948,948,948,948,948,948,948,948,948,948,948,948,948,948,948,948,948,948,948,948,948,948,948,948,948,948,949,949,949,949,949,949,949,949,949,949,949,949,949,949,949,949,949,949,949,949,949,949,949,949,949,949,949,949,949],