{"cumulativeDeaths":[0,0,0,0,0,0,0,0,0,0,0,0,0,0,0,0,0,0,0,0,0,0,0,0,0,0,0,0,1,2,2,2,2,2,2,2,2,2,2,2,2,2,2,2,2,2,2,2,2,2,2,2,2,2,2,2,2,2,2,2,2,2,2,2,2,2,2,2,2,2,2,2,2,2,2,2,2,2,2,2,2,2,2,2,2,2,2,2,2,2,2,2,2,2,2,2,2,2,2,2,2,2,2,2,2,2,2,2,2,2,2,2,2,2,2,2,2,2,2,2,2,2,2,2,2,2,2,2,2,2,2,2,2,2,2,2,2,2,2,2,2,2,2,2,2,2,2,2,2,2,2,2,2,2,2,2,2,2,2,2,2,2,2,2,2,2,2,2,2,2,2,2,2,2,2,2,2,2,2,2,2,2,2,2,2,2,2,2,2,2,2,2,2,2,2,2,2,2,2,2,2,2,2,2,2,2,2,2,2,2,2,2,2,2,2,2,2,2,2,2,2,2,2,2,2,2,2,2,2,2,2,2,2,2,2,2,2,2,2,2,2,2,2,2,2,2,2,2,2,2,2,2,2,2,2,2,2,2,2,2,2,2,2,2,2,2,2,2,2,2,2,2,2,2,2,2,2,2,2,2,2,2,2,2,2,2,2,2,2,2,2,2,2,2,2,2,2,2,2,2,2,2,2,2,2,2,2,2,2,2,2,2,2,2,2,2,2,2,2,2],"cumulativeDeathsPerMillion":[0,0,0,0,0,0,0,0,0,0,0,0,0,0,0,0,0,0,0,0,0,0,0,0,0,0,0,0,0.0217551,0.04351019,0.04351019,0.04351019,0.04351019,0.04351019,0.04351019,0.04351019,0.04351019,0.04351019,0.04351019,0.04351019,0.04351019,0.04351019,0.04351019,0.04351019,0.04351019,0.04351019,0.04351019,0.04351019,0.04351019,0.04351019,0.04351019,0.04351019,0.04351019,0.04351019,0.04351019,0.04351019,0.04351019,0.04351019,0.04351019,0.04351019,0.04351019,0.04351019,0.04351019,0.04351019,0.04351019,0.04351019,0.04351019,0.04351019,0.04351019,0.04351019,0.04351019,0.04351019,0.04351019,0.04351019,0.04351019,0.04351019,0.04351019,0.04351019,0.04351019,0.04351019,0.04351019,0.04351019,0.04351019,0.04351019,0.04351019,0.04351019,0.04351019,0.04351019,0.04351019,0.04351019,0.04351019,0.04351019,0.04351019,0.04351019,0.04351019,0.04351019,0.04351019,0.04351019,0.04351019,0.04351019,0.04351019,0.04351019,0.04351019,0.04351019,0.04351019,0.04351019,0.04351019,0.04351019,0.04351019,0.04351019,0.04351019,0.04351019,0.04351019,0.04351019,0.04351019,0.04351019,0.04351019,0.04351019,0.04351019,0.04351019,0.04351019,0.04351019,0.04351019,0.04351019,0.04351019,0.04351019,0.04351019,0.04351019,0.04351019,0.04351019,0.04351019,0.04351019,0.04351019,0.04351019,0.04351019,0.04351019,0.04351019,0.04351019,0.04351019,0.04351019,0.04351019,0.04351019,0.04351019,0.04351019,0.04351019,0.04351019,0.04351019,0.04351019,0.04351019,0.04351019,0.04351019,0.04351019,0.04351019,0.04351019,0.04351019,0.04351019,0.04351019,0.04351019,0.04351019,0.04351019,0.04351019,0.04351019,0.04351019,0.04351019,0.04351019,0.04351019,0.04351019,0.04351019,0.04351019,0.04351019,0.04351019,0.04351019,0.04351019,0.04351019,0.04351019,0.04351019,0.04351019,0.04351019,0.04351019,0.04351019,0.04351019,0.04351019,0.04351019,0.04351019,0.04351019,0.04351019,0.04351019,0.04351019,0.04351019,0.04351019,0.04351019,0.04351019,0.04351019,0.04351019,0.04351019,0.04351019,0.04351019,0.04351019,0.04351019,0.04351019,0.04351019,0.04351019,0.04351019,0.04351019,0.04351019,0.04351019,0.04351019,0.04351019,0.04351019,0.04351019,0.04351019,0.04351019,0.04351019,0.04351019,0.04351019,0.04351019,0.04351019,0.04351019,0.04351019,0.04351019,0.04351019,0.04351019,0.04351019,0.04351019,0.04351019,0.04351019,0.04351019,0.04351019,0.04351019,0.04351019,0.04351019,0.04351019,0.04351019,0.04351019,0.04351019,0.04351019,0.04351019,0.04351019,0.04351019,0.04351019,0.04351019,0.04351019,0.04351019,0.04351019,0.04351019,0.04351019,0.04351019,0.04351019,0.04351019,0.04351019,0.04351019,0.04351019,0.04351019,0.04351019,0.04351019,0.04351019,0.04351019,0.04351019,0.04351019,0.04351019,0.04351019,0.04351019,0.04351019,0.04351019,0.04351019,0.04351019,0.04351019,0.04351019,0.04351019,0.04351019,0.04351019,0.04351019,0.04351019,0.04351019,0.04351019,0.04351019,0.04351019,0.04351019,0.04351019,0.04351019,0.04351019,0.04351019,0.04351019,0.04351019,0.04351019,0.04351019,0.04351019,0.04351019,0.04351019,0.04351019,0.04351019,0.04351019,0.04351019,0.04351019,0.04351019,0.04351019,0.04351019,0.04351019,0.04351019,0.04351019,0.04351019,0.04351019,0.04351019,0.04351019,0.04351019,0.04351019,0.04351019,0.04351019,0.04351019,0.04351019,0.04351019,0.04351019,0.04351019,0.04351019,0.04351019,0.04351019,0.04351019,0.04351019,0.04351019,0.04351019],"dailyDeaths":[0,0,0,0,0,0,0,0,0,0,0,0,0,0,0,0,0,0,0,0,0,0,0,0,0,0,0,0,1,1,0,0,0,0,0,0,0,0,0,0,0,0,0,0,0,0,0,0,0,0,0,0,0,0,0,0,0,0,0,0,0,0,0,0,0,0,0,0,0,0,0,0,0,0,0,0,0,0,0,0,0,0,0,0,0,0,0,0,0,0,0,0,0,0,0,0,0,0,0,0,0,0,0,0,0,0,0,0,0,0,0,0,0,0,0,0,0,0,0,0,0,0,0,0,0,0,0,0,0,0,0,0,0,0,0,0,0,0,0,0,0,0,0,0,0,0,0,0,0,0,0,0,0,0,0,0,0,0,0,0,0,0,0,0,0,0,0,0,0,0,0,0,0,0,0,0,0,0,0,0,0,0,0,0,0,0,0,0,0,0,0,0,0,0,0,0,0,0,0,0,0,0,0,0,0,0,0,0,0,0,0,0,0,0,0,0,0,0,0,0,0,0,0,0,0,0,0,0,0,0,0,0,0,0,0,0,0,0,0,0,0,0,0,0,0,0,0,0,0,0,0,0,0,0,0,0,0,0,0,0,0,0,0,0,0,0,0,0,0,0,0,0,0,0,0,0,0,0,0,0,0,0,0,0,0,0,0,0,0,0,0,0,0,0,0,0,0,0,0,0,0,0,0,0,0,0,0,0,0,0,0,0,0,0,0,0,0,0,0,0],"dailyDeathsPerMillion":[0,0,0,0,0,0,0,0,0,0,0,0,0,0,0,0,0,0,0,0,0,0,0,0,0,0,0,0,0.0217551,0.0217551,0,0,0,0,0,0,0,0,0,0,0,0,0,0,0,0,0,0,0,0,0,0,0,0,0,0,0,0,0,0,0,0,0,0,0,0,0,0,0,0,0,0,0,0,0,0,0,0,0,0,0,0,0,0,0,0,0,0,0,0,0,0,0,0,0,0,0,0,0,0,0,0,0,0,0,0,0,0,0,0,0,0,0,0,0,0,0,0,0,0,0,0,0,0,0,0,0,0,0,0,0,0,0,0,0,0,0,0,0,0,0,0,0,0,0,0,0,0,0,0,0,0,0,0,0,0,0,0,0,0,0,0,0,0,0,0,0,0,0,0,0,0,0,0,0,0,0,0,0,0,0,0,0,0,0,0,0,0,0,0,0,0,0,0,0,0,0,0,0,0,0,0,0,0,0,0,0,0,0,0,0,0,0,0,0,0,0,0,0,0,0,0,0,0,0,0,0,0,0,0,0,0,0,0,0,0,0,0,0,0,0,0,0,0,0,0,0,0,0,0,0,0,0,0,0,0,0,0,0,0,0,0,0,0,0,0,0,0,0,0,0,0,0,0,0,0,0,0,0,0,0,0,0,0,0,0,0,0,0,0,0,0,0,0,0,0,0,0,0,0,0,0,0,0,0,0,0,0,0,0,0,0,0,0,0,0,0,0,0,0],"cumulativeConfirmedCases":[1,2,5,11,16,26,44,55,70,83,93,105,117,122,128,133,138,138,141,149,153,154,156,162,168,171,171,172,172,174,174,174,174,174,174,174,174,174,174,174,174,174,174,174,174,174,174,174,174,174,174,174,174,174,176,176,176,176,176,176,176,176,176,176,178,180,180,180,180,182,182,183,184,184,184,184,184,184,184,184,184,184,184,184,184,184,184,184,184,184,184,184,184,185,185,185,185,185,185,185,185,185,185,185,185,185,185,185,185,185,185,185,185,185,185,185,185,185,185,185,185,185,185,185,185,185,185,185,185,185,185,185,185,185,185,185,185,185,185,185,185,185,185,185,185,185,185,185,185,185,185,185,185,185,185,185,185,185,185,185,185,185,186,186,186,186,186,187,187,187,187,187,187,187,188,188,188,188,188,188,188,188,189,189,189,189,189,190,190,191,191,191,191,191,191,191,191,191,191,191,191,191,191,191,191,191,191,195,195,195,195,195,195,195,198,198,199,199,199,199,199,199,199,199,199,199,201,201,201,201,201,201,201,201,201,203,204,205,206,206,206,206,208,209,209,209,209,209,209,209,209,209,209,209,209,211,211,211,211,211,211,211,211,211,211,211,211,211,211,211,211,211,211,211,211,211,211,211,211,211,211,212,213,213,213,213,213,213,214,214,214,214,214,214,214,214,214,217,217,217,217,217,217,217,217,217,217,217,217,217,218,219,219,219,219,219,219,219,220,221],