{"cumulativeDeaths":[0,1,1,1,1,1,1,1,1,1,1,1,1,1,1,1,1,1,2,2,2,2,3,3,3,3,3,4,4,5,5,6,6,6,6,6,6,6,6,6,6,6,6,6,6,6,6,6,6,6,6,6,6,6,6,6,6,6,6,6,6,6,6,6,6,6,6,6,6,6,6,6,6,6,6,6,6,6,6,6,6,6,6,6,6,6,6,6,6,6,6,6,6,6,6,6,6,6,6,6,6,6,6,6,6,6,6,6,6,6,6,6,6,6,6,6,6,6,6,6,6,6,6,6,6,6,6,6,6,6,6,6,6,6,6,6,6,6,6,6,6,6,6,6,6,6,6,6,6,6,6,6,6,6,6,6,6,6,6,6,6,6,6,6,6,6,6,6,6,6,6,6,6,6,6,6,6,6,6,6,6,6,6,6,6,6,6,6,6,6,6,6,6,6,6,6,6,6,6,6,6,6,6,6,6,6,6,6,6,6,6,6,6,6,6,6,6,6,6,6,6,6,6,6,6,6,6,6,6,6,6,6,6,6,6,6,6,6,6,6,6,6,6,6,6,6,6,6,6,6,6,6,6,6,6,6,6,6,6,6,6,6,6,6,6,6,6,6,6,6,6,6,6,6,6,6,6,6,6,6,6,6,6,6,6,6,6,6,6,6,6,6,6,6,6,6,6,6,6,6,6,6,6,6,6,6,6,6,6,6,6,6,6,6,6,6,6,6,6,6,6,6,6,6,6,6,6,6,6,6,6,6,6,6,6,6,6],"cumulativeDeathsPerMillion":[0,0.01391707,0.01391707,0.01391707,0.01391707,0.01391707,0.01391707,0.01391707,0.01391707,0.01391707,0.01391707,0.01391707,0.01391707,0.01391707,0.01391707,0.01391707,0.01391707,0.01391707,0.02783414,0.02783414,0.02783414,0.02783414,0.04175121,0.04175121,0.04175121,0.04175121,0.04175121,0.05566828,0.05566828,0.06958535,0.06958535,0.08350242,0.08350242,0.08350242,0.08350242,0.08350242,0.08350242,0.08350242,0.08350242,0.08350242,0.08350242,0.08350242,0.08350242,0.08350242,0.08350242,0.08350242,0.08350242,0.08350242,0.08350242,0.08350242,0.08350242,0.08350242,0.08350242,0.08350242,0.08350242,0.08350242,0.08350242,0.08350242,0.08350242,0.08350242,0.08350242,0.08350242,0.08350242,0.08350242,0.08350242,0.08350242,0.08350242,0.08350242,0.08350242,0.08350242,0.08350242,0.08350242,0.08350242,0.08350242,0.08350242,0.08350242,0.08350242,0.08350242,0.08350242,0.08350242,0.08350242,0.08350242,0.08350242,0.08350242,0.08350242,0.08350242,0.08350242,0.08350242,0.08350242,0.08350242,0.08350242,0.08350242,0.08350242,0.08350242,0.08350242,0.08350242,0.08350242,0.08350242,0.08350242,0.08350242,0.08350242,0.08350242,0.08350242,0.08350242,0.08350242,0.08350242,0.08350242,0.08350242,0.08350242,0.08350242,0.08350242,0.08350242,0.08350242,0.08350242,0.08350242,0.08350242,0.08350242,0.08350242,0.08350242,0.08350242,0.08350242,0.08350242,0.08350242,0.08350242,0.08350242,0.08350242,0.08350242,0.08350242,0.08350242,0.08350242,0.08350242,0.08350242,0.08350242,0.08350242,0.08350242,0.08350242,0.08350242,0.08350242,0.08350242,0.08350242,0.08350242,0.08350242,0.08350242,0.08350242,0.08350242,0.08350242,0.08350242,0.08350242,0.08350242,0.08350242,0.08350242,0.08350242,0.08350242,0.08350242,0.08350242,0.08350242,0.08350242,0.08350242,0.08350242,0.08350242,0.08350242,0.08350242,0.08350242,0.08350242,0.08350242,0.08350242,0.08350242,0.08350242,0.08350242,0.08350242,0.08350242,0.08350242,0.08350242,0.08350242,0.08350242,0.08350242,0.08350242,0.08350242,0.08350242,0.08350242,0.08350242,0.08350242,0.08350242,0.08350242,0.08350242,0.08350242,0.08350242,0.08350242,0.08350242,0.08350242,0.08350242,0.08350242,0.08350242,0.08350242,0.08350242,0.08350242,0.08350242,0.08350242,0.08350242,0.08350242,0.08350242,0.08350242,0.08350242,0.08350242,0.08350242,0.08350242,0.08350242,0.08350242,0.08350242,0.08350242,0.08350242,0.08350242,0.08350242,0.08350242,0.08350242,0.08350242,0.08350242,0.08350242,0.08350242,0.08350242,0.08350242,0.08350242,0.08350242,0.08350242,0.08350242,0.08350242,0.08350242,0.08350242,0.08350242,0.08350242,0.08350242,0.08350242,0.08350242,0.08350242,0.08350242,0.08350242,0.08350242,0.08350242,0.08350242,0.08350242,0.08350242,0.08350242,0.08350242,0.08350242,0.08350242,0.08350242,0.08350242,0.08350242,0.08350242,0.08350242,0.08350242,0.08350242,0.08350242,0.08350242,0.08350242,0.08350242,0.08350242,0.08350242,0.08350242,0.08350242,0.08350242,0.08350242,0.08350242,0.08350242,0.08350242,0.08350242,0.08350242,0.08350242,0.08350242,0.08350242,0.08350242,0.08350242,0.08350242,0.08350242,0.08350242,0.08350242,0.08350242,0.08350242,0.08350242,0.08350242,0.08350242,0.08350242,0.08350242,0.08350242,0.08350242,0.08350242,0.08350242,0.08350242,0.08350242,0.08350242,0.08350242,0.08350242,0.08350242,0.08350242,0.08350242,0.08350242,0.08350242,0.08350242,0.08350242,0.08350242,0.08350242,0.08350242,0.08350242,0.08350242,0.08350242,0.08350242,0.08350242,0.08350242,0.08350242,0.08350242,0.08350242,0.08350242,0.08350242,0.08350242,0.08350242,0.08350242,0.08350242,0.08350242,0.08350242,0.08350242,0.08350242,0.08350242,0.08350242,0.08350242,0.08350242,0.08350242,0.08350242,0.08350242,0.08350242,0.08350242,0.08350242,0.08350242,0.08350242,0.08350242,0.08350242,0.08350242,0.08350242],"dailyDeaths":[0,1,0,0,0,0,0,0,0,0,0,0,0,0,0,0,0,0,1,0,0,0,1,0,0,0,0,1,0,1,0,1,0,0,0,0,0,0,0,0,0,0,0,0,0,0,0,0,0,0,0,0,0,0,0,0,0,0,0,0,0,0,0,0,0,0,0,0,0,0,0,0,0,0,0,0,0,0,0,0,0,0,0,0,0,0,0,0,0,0,0,0,0,0,0,0,0,0,0,0,0,0,0,0,0,0,0,0,0,0,0,0,0,0,0,0,0,0,0,0,0,0,0,0,0,0,0,0,0,0,0,0,0,0,0,0,0,0,0,0,0,0,0,0,0,0,0,0,0,0,0,0,0,0,0,0,0,0,0,0,0,0,0,0,0,0,0,0,0,0,0,0,0,0,0,0,0,0,0,0,0,0,0,0,0,0,0,0,0,0,0,0,0,0,0,0,0,0,0,0,0,0,0,0,0,0,0,0,0,0,0,0,0,0,0,0,0,0,0,0,0,0,0,0,0,0,0,0,0,0,0,0,0,0,0,0,0,0,0,0,0,0,0,0,0,0,0,0,0,0,0,0,0,0,0,0,0,0,0,0,0,0,0,0,0,0,0,0,0,0,0,0,0,0,0,0,0,0,0,0,0,0,0,0,0,0,0,0,0,0,0,0,0,0,0,0,0,0,0,0,0,0,0,0,0,0,0,0,0,0,0,0,0,0,0,0,0,0,0,0,0,0,0,0,0,0,0,0,0,0,0,0,0,0,0,0,0],"dailyDeathsPerMillion":[0,0.01391707,0,0,0,0,0,0,0,0,0,0,0,0,0,0,0,0,0.01391707,0,0,0,0.01391707,0,0,0,0,0.01391707,0,0.01391707,0,0.01391707,0,0,0,0,0,0,0,0,0,0,0,0,0,0,0,0,0,0,0,0,0,0,0,0,0,0,0,0,0,0,0,0,0,0,0,0,0,0,0,0,0,0,0,0,0,0,0,0,0,0,0,0,0,0,0,0,0,0,0,0,0,0,0,0,0,0,0,0,0,0,0,0,0,0,0,0,0,0,0,0,0,0,0,0,0,0,0,0,0,0,0,0,0,0,0,0,0,0,0,0,0,0,0,0,0,0,0,0,0,0,0,0,0,0,0,0,0,0,0,0,0,0,0,0,0,0,0,0,0,0,0,0,0,0,0,0,0,0,0,0,0,0,0,0,0,0,0,0,0,0,0,0,0,0,0,0,0,0,0,0,0,0,0,0,0,0,0,0,0,0,0,0,0,0,0,0,0,0,0,0,0,0,0,0,0,0,0,0,0,0,0,0,0,0,0,0,0,0,0,0,0,0,0,0,0,0,0,0,0,0,0,0,0,0,0,0,0,0,0,0,0,0,0,0,0,0,0,0,0,0,0,0,0,0,0,0,0,0,0,0,0,0,0,0,0,0,0,0,0,0,0,0,0,0,0,0,0,0,0,0,0,0,0,0,0,0,0,0,0,0,0,0,0,0,0,0,0,0,0,0,0,0,0,0,0,0,0,0,0,0,0,0,0,0,0,0,0,0,0,0,0,0,0,0,0],"cumulativeConfirmedCases":[1,1,2,8,13,18,33,48,65,82,96,104,113,126,135,157,172,195,206,218,239,251,265,283,291,300,301,306,306,307,308,309,311,311,311,312,317,318,318,318,318,318,318,318,318,318,318,318,318,318,318,318,318,318,318,318,318,318,318,318,319,319,319,319,319,319,319,319,321,321,323,325,326,326,327,327,327,327,327,327,327,327,327,327,327,328,328,328,328,328,328,328,328,328,328,328,328,328,328,328,328,328,328,328,328,328,328,328,328,328,328,328,328,328,328,328,328,328,328,328,328,328,328,328,328,328,328,328,328,328,328,328,328,328,328,328,328,328,328,328,328,328,328,328,331,335,336,338,340,340,344,346,346,348,349,349,349,349,349,349,349,349,349,349,349,349,349,349,349,349,349,349,349,349,349,349,349,349,349,349,349,349,349,349,349,349,349,349,349,349,349,349,349,349,349,349,349,349,349,349,349,350,350,351,351,351,351,351,351,351,351,351,354,359,359,360,360,362,362,362,362,362,365,365,365,365,365,365,365,365,365,365,365,365,365,365,365,365,365,365,365,365,365,365,365,365,365,365,365,365,365,365,365,365,365,365,365,365,365,365,365,365,365,367,367,367,368,368,368,368,368,368,368,368,368,368,368,369,371,372,372,372,373,373,373,373,373,373,373,373,373,373,373,373,373,373,373,373,373,373,373,373,373,373,373,373,373,373,373,373,373,373,373,373,373,373,373,373,373,373,373,373,373,373,373,373,373,373,373,373,373,373,373,373,373,373,373],