{"cumulativeDeaths":[0,0,0,0,0,0,0,0,0,0,0,0,0,0,0,0,0,0,0,0,0,0,0,0,0,0,0,0,0,0,0,0,0,0,0,0,0,0,0,0,0,0,0,0,0,0,0,0,0,0,0,0,0,0,0,0,0,0,0,0,0,0,0,0,0,0,0,0,0,0,0,0,0,0,0,0,0,0,0,0,0,0,0,0,0,0,0,0,0,0,0,0,0,0,0,0,0,0,0,0,0,0,0,0,0,1,1,1,1,1,1,1,1,1,1,1,1,1,1,1,1,1,1,1,1,1,2,2,2,2,2,2,2,2,2,2,2,2,2,2,2,2,2,2,2,2,3,3,5,5,5,5,5,7,7,7,7,7,7,7,7,7,7,7,7,7,7,7,7,7,7,7,7,7,7,7,7,7,7,7,7,7,7,7,7,7,7,7,7,7,7,7,7,7,7,7,7,7,7,7,7,7,7,7,7,7,7,7,7,7,7,7,7,7,7,7,7,7,7,7,7,7,7,7,7,7,7,7,7,7,7,7,7,7,7,7,7,7,7,7,7,7,7,7,7,7,7,7,7,7,7,7,7,7,7,7,7,7,7,7,7,7,7,7,7,7,7,7,7,7,7,7,7,7,7,7,7,7,7,7,7,7,7,7,7,7,7,7,7,7,7,7,7,7,7,7,7,7,7,7,7,7,7,7,7,7,7,7,7,7,7,7,7,7,7,7,7,7,7],"cumulativeDeathsPerMillion":[0,0,0,0,0,0,0,0,0,0,0,0,0,0,0,0,0,0,0,0,0,0,0,0,0,0,0,0,0,0,0,0,0,0,0,0,0,0,0,0,0,0,0,0,0,0,0,0,0,0,0,0,0,0,0,0,0,0,0,0,0,0,0,0,0,0,0,0,0,0,0,0,0,0,0,0,0,0,0,0,0,0,0,0,0,0,0,0,0,0,0,0,0,0,0,0,0,0,0,0,0,0,0,0,0,1.14995268,1.14995268,1.14995268,1.14995268,1.14995268,1.14995268,1.14995268,1.14995268,1.14995268,1.14995268,1.14995268,1.14995268,1.14995268,1.14995268,1.14995268,1.14995268,1.14995268,1.14995268,1.14995268,1.14995268,1.14995268,2.29990536,2.29990536,2.29990536,2.29990536,2.29990536,2.29990536,2.29990536,2.29990536,2.29990536,2.29990536,2.29990536,2.29990536,2.29990536,2.29990536,2.29990536,2.29990536,2.29990536,2.29990536,2.29990536,2.29990536,3.44985804,3.44985804,5.7497634,5.7497634,5.7497634,5.7497634,5.7497634,8.04966876,8.04966876,8.04966876,8.04966876,8.04966876,8.04966876,8.04966876,8.04966876,8.04966876,8.04966876,8.04966876,8.04966876,8.04966876,8.04966876,8.04966876,8.04966876,8.04966876,8.04966876,8.04966876,8.04966876,8.04966876,8.04966876,8.04966876,8.04966876,8.04966876,8.04966876,8.04966876,8.04966876,8.04966876,8.04966876,8.04966876,8.04966876,8.04966876,8.04966876,8.04966876,8.04966876,8.04966876,8.04966876,8.04966876,8.04966876,8.04966876,8.04966876,8.04966876,8.04966876,8.04966876,8.04966876,8.04966876,8.04966876,8.04966876,8.04966876,8.04966876,8.04966876,8.04966876,8.04966876,8.04966876,8.04966876,8.04966876,8.04966876,8.04966876,8.04966876,8.04966876,8.04966876,8.04966876,8.04966876,8.04966876,8.04966876,8.04966876,8.04966876,8.04966876,8.04966876,8.04966876,8.04966876,8.04966876,8.04966876,8.04966876,8.04966876,8.04966876,8.04966876,8.04966876,8.04966876,8.04966876,8.04966876,8.04966876,8.04966876,8.04966876,8.04966876,8.04966876,8.04966876,8.04966876,8.04966876,8.04966876,8.04966876,8.04966876,8.04966876,8.04966876,8.04966876,8.04966876,8.04966876,8.04966876,8.04966876,8.04966876,8.04966876,8.04966876,8.04966876,8.04966876,8.04966876,8.04966876,8.04966876,8.04966876,8.04966876,8.04966876,8.04966876,8.04966876,8.04966876,8.04966876,8.04966876,8.04966876,8.04966876,8.04966876,8.04966876,8.04966876,8.04966876,8.04966876,8.04966876,8.04966876,8.04966876,8.04966876,8.04966876,8.04966876,8.04966876,8.04966876,8.04966876,8.04966876,8.04966876,8.04966876,8.04966876,8.04966876,8.04966876,8.04966876,8.04966876,8.04966876,8.04966876,8.04966876,8.04966876,8.04966876,8.04966876,8.04966876,8.04966876,8.04966876,8.04966876,8.04966876,8.04966876,8.04966876,8.04966876,8.04966876,8.04966876,8.04966876,8.04966876,8.04966876,8.04966876,8.04966876,8.04966876,8.04966876,8.04966876,8.04966876,8.04966876],"dailyDeaths":[0,0,0,0,0,0,0,0,0,0,0,0,0,0,0,0,0,0,0,0,0,0,0,0,0,0,0,0,0,0,0,0,0,0,0,0,0,0,0,0,0,0,0,0,0,0,0,0,0,0,0,0,0,0,0,0,0,0,0,0,0,0,0,0,0,0,0,0,0,0,0,0,0,0,0,0,0,0,0,0,0,0,0,0,0,0,0,0,0,0,0,0,0,0,0,0,0,0,0,0,0,0,0,0,0,1,0,0,0,0,0,0,0,0,0,0,0,0,0,0,0,0,0,0,0,0,1,0,0,0,0,0,0,0,0,0,0,0,0,0,0,0,0,0,0,0,1,0,2,0,0,0,0,2,0,0,0,0,0,0,0,0,0,0,0,0,0,0,0,0,0,0,0,0,0,0,0,0,0,0,0,0,0,0,0,0,0,0,0,0,0,0,0,0,0,0,0,0,0,0,0,0,0,0,0,0,0,0,0,0,0,0,0,0,0,0,0,0,0,0,0,0,0,0,0,0,0,0,0,0,0,0,0,0,0,0,0,0,0,0,0,0,0,0,0,0,0,0,0,0,0,0,0,0,0,0,0,0,0,0,0,0,0,0,0,0,0,0,0,0,0,0,0,0,0,0,0,0,0,0,0,0,0,0,0,0,0,0,0,0,0,0,0,0,0,0,0,0,0,0,0,0,0,0,0,0,0,0,0,0,0,0,0,0,0,0,0,0,0],"dailyDeathsPerMillion":[0,0,0,0,0,0,0,0,0,0,0,0,0,0,0,0,0,0,0,0,0,0,0,0,0,0,0,0,0,0,0,0,0,0,0,0,0,0,0,0,0,0,0,0,0,0,0,0,0,0,0,0,0,0,0,0,0,0,0,0,0,0,0,0,0,0,0,0,0,0,0,0,0,0,0,0,0,0,0,0,0,0,0,0,0,0,0,0,0,0,0,0,0,0,0,0,0,0,0,0,0,0,0,0,0,1.14995268,0,0,0,0,0,0,0,0,0,0,0,0,0,0,0,0,0,0,0,0,1.14995268,0,0,0,0,0,0,0,0,0,0,0,0,0,0,0,0,0,0,0,1.14995268,0,2.29990536,0,0,0,0,2.29990536,0,0,0,0,0,0,0,0,0,0,0,0,0,0,0,0,0,0,0,0,0,0,0,0,0,0,0,0,0,0,0,0,0,0,0,0,0,0,0,0,0,0,0,0,0,0,0,0,0,0,0,0,0,0,0,0,0,0,0,0,0,0,0,0,0,0,0,0,0,0,0,0,0,0,0,0,0,0,0,0,0,0,0,0,0,0,0,0,0,0,0,0,0,0,0,0,0,0,0,0,0,0,0,0,0,0,0,0,0,0,0,0,0,0,0,0,0,0,0,0,0,0,0,0,0,0,0,0,0,0,0,0,0,0,0,0,0,0,0,0,0,0,0,0,0,0,0,0,0,0,0,0,0,0,0,0,0,0,0,0,0,0,0,0,0],"cumulativeConfirmedCases":[0,0,0,0,0,0,0,0,0,0,0,0,0,0,0,0,0,0,0,0,0,0,0,0,0,0,0,0,0,0,0,0,0,0,0,0,0,0,0,0,0,0,0,0,0,0,0,0,0,0,0,0,0,0,0,0,0,0,0,0,0,0,0,0,0,0,0,0,0,0,0,0,0,0,0,0,0,0,0,0,0,0,0,0,0,0,0,0,0,0,0,0,0,0,0,0,0,0,0,1,1,3,3,3,3,8,8,8,11,11,11,11,11,11,11,11,11,11,11,34,34,78,78,87,87,87,87,87,87,106,106,106,132,132,132,132,141,141,141,141,162,162,163,176,176,176,197,197,210,210,247,247,247,265,265,272,272,272,272,272,303,303,303,309,309,311,311,311,313,314,314,317,317,317,321,321,328,328,328,334,334,337,337,340,340,340,354,354,354,378,378,378,386,386,386,388,388,396,396,399,399,399,399,399,399,403,403,405,405,406,406,417,417,417,417,417,417,417,422,422,423,423,423,427,427,448,448,452,452,452,456,456,456,456,456,456,457,467,467,470,470,470,470,470,470,470,474,474,478,478,478,479,479,484,484,487,487,487,491,491,495,495,495,495,495,496,496,496,502,502,502,502,504,504,517,517,517,517,517,517,517,517,537,545,545,545,545,554,557,557,563,563,563,569,569,574,574,579,579,579,591,591,592,592,596,596,596,607,607,610,610,611,611,611,613,613,615,615,616],