{"cumulativeDeaths":[0,0,0,0,0,0,0,0,0,0,0,0,0,0,0,0,0,0,0,0,0,0,0,0,0,0,0,0,0,0,0,0,0,0,0,0,0,0,0,0,0,0,0,0,0,0,0,0,0,0,0,0,0,0,0,0,0,0,0,0,0,0,0,0,0,0,0,0,0,0,0,0,0,0,0,0,0,0,0,0,0,0,0,0,0,0,0,0,0,0,0,0,0,0,0,1,1,1,1,1,1,1,1,1,1,2,2,2,3,3,3,3,3,3,3,4,4,4,6,6,6,6,6,6,7,7,7,8,8,8,8,8,8,8,8,12,12,12,12,12,12,12,15,15,15,15,15,15,15,17,17,17,19,19,19,19,22,22,22,24,24,24,24,25,25,25,25,25,25,25,26,26,26,26,26,26,26,26,26,26,26,26,26,26,26,26,26,26,26,26,26,26,27,27,27,27,27,27,27,29,29,29,29,29,29,29,33,33,33,33,33,33,33,33,33,33,33,34,34,34,34,34,34,34,34,34,38,38,38,38,38,38,39,39,39,39,39,39,39,39,39,39,39,39,39,39,39,39,39,39,39,39,39,39,39,39,39,40,40,40,40,40,40,40,41,41,41,41,41,41,41,41,41,41,41,41,41,41,41,41,41,41,41,41,41,41,41,42,42,42,42,42,43,43,43,43,43,43,43,43,43,43,43,43,43,43,43,43,43,43,43,43,43,44,44,44,44,44,44,44,44,44,44,44,44,44,44],"cumulativeDeathsPerMillion":[0,0,0,0,0,0,0,0,0,0,0,0,0,0,0,0,0,0,0,0,0,0,0,0,0,0,0,0,0,0,0,0,0,0,0,0,0,0,0,0,0,0,0,0,0,0,0,0,0,0,0,0,0,0,0,0,0,0,0,0,0,0,0,0,0,0,0,0,0,0,0,0,0,0,0,0,0,0,0,0,0,0,0,0,0,0,0,0,0,0,0,0,0,0,0,0.50812982,0.50812982,0.50812982,0.50812982,0.50812982,0.50812982,0.50812982,0.50812982,0.50812982,0.50812982,1.01625965,1.01625965,1.01625965,1.52438947,1.52438947,1.52438947,1.52438947,1.52438947,1.52438947,1.52438947,2.03251929,2.03251929,2.03251929,3.04877894,3.04877894,3.04877894,3.04877894,3.04877894,3.04877894,3.55690876,3.55690876,3.55690876,4.06503858,4.06503858,4.06503858,4.06503858,4.06503858,4.06503858,4.06503858,4.06503858,6.09755788,6.09755788,6.09755788,6.09755788,6.09755788,6.09755788,6.09755788,7.62194735,7.62194735,7.62194735,7.62194735,7.62194735,7.62194735,7.62194735,8.63820699,8.63820699,8.63820699,9.65446664,9.65446664,9.65446664,9.65446664,11.17885611,11.17885611,11.17885611,12.19511575,12.19511575,12.19511575,12.19511575,12.70324558,12.70324558,12.70324558,12.70324558,12.70324558,12.70324558,12.70324558,13.2113754,13.2113754,13.2113754,13.2113754,13.2113754,13.2113754,13.2113754,13.2113754,13.2113754,13.2113754,13.2113754,13.2113754,13.2113754,13.2113754,13.2113754,13.2113754,13.2113754,13.2113754,13.2113754,13.2113754,13.2113754,13.2113754,13.71950522,13.71950522,13.71950522,13.71950522,13.71950522,13.71950522,13.71950522,14.73576487,14.73576487,14.73576487,14.73576487,14.73576487,14.73576487,14.73576487,16.76828416,16.76828416,16.76828416,16.76828416,16.76828416,16.76828416,16.76828416,16.76828416,16.76828416,16.76828416,16.76828416,17.27641399,17.27641399,17.27641399,17.27641399,17.27641399,17.27641399,17.27641399,17.27641399,17.27641399,19.30893328,19.30893328,19.30893328,19.30893328,19.30893328,19.30893328,19.8170631,19.8170631,19.8170631,19.8170631,19.8170631,19.8170631,19.8170631,19.8170631,19.8170631,19.8170631,19.8170631,19.8170631,19.8170631,19.8170631,19.8170631,19.8170631,19.8170631,19.8170631,19.8170631,19.8170631,19.8170631,19.8170631,19.8170631,19.8170631,19.8170631,20.32519292,20.32519292,20.32519292,20.32519292,20.32519292,20.32519292,20.32519292,20.83332275,20.83332275,20.83332275,20.83332275,20.83332275,20.83332275,20.83332275,20.83332275,20.83332275,20.83332275,20.83332275,20.83332275,20.83332275,20.83332275,20.83332275,20.83332275,20.83332275,20.83332275,20.83332275,20.83332275,20.83332275,20.83332275,20.83332275,21.34145257,21.34145257,21.34145257,21.34145257,21.34145257,21.84958239,21.84958239,21.84958239,21.84958239,21.84958239,21.84958239,21.84958239,21.84958239,21.84958239,21.84958239,21.84958239,21.84958239,21.84958239,21.84958239,21.84958239,21.84958239,21.84958239,21.84958239,21.84958239,21.84958239,21.84958239,22.35771222,22.35771222,22.35771222,22.35771222,22.35771222,22.35771222,22.35771222,22.35771222,22.35771222,22.35771222,22.35771222,22.35771222,22.35771222,22.35771222],"dailyDeaths":[0,0,0,0,0,0,0,0,0,0,0,0,0,0,0,0,0,0,0,0,0,0,0,0,0,0,0,0,0,0,0,0,0,0,0,0,0,0,0,0,0,0,0,0,0,0,0,0,0,0,0,0,0,0,0,0,0,0,0,0,0,0,0,0,0,0,0,0,0,0,0,0,0,0,0,0,0,0,0,0,0,0,0,0,0,0,0,0,0,0,0,0,0,0,0,1,0,0,0,0,0,0,0,0,0,1,0,0,1,0,0,0,0,0,0,1,0,0,2,0,0,0,0,0,1,0,0,1,0,0,0,0,0,0,0,4,0,0,0,0,0,0,3,0,0,0,0,0,0,2,0,0,2,0,0,0,3,0,0,2,0,0,0,1,0,0,0,0,0,0,1,0,0,0,0,0,0,0,0,0,0,0,0,0,0,0,0,0,0,0,0,0,1,0,0,0,0,0,0,2,0,0,0,0,0,0,4,0,0,0,0,0,0,0,0,0,0,1,0,0,0,0,0,0,0,0,4,0,0,0,0,0,1,0,0,0,0,0,0,0,0,0,0,0,0,0,0,0,0,0,0,0,0,0,0,0,0,1,0,0,0,0,0,0,1,0,0,0,0,0,0,0,0,0,0,0,0,0,0,0,0,0,0,0,0,0,0,1,0,0,0,0,1,0,0,0,0,0,0,0,0,0,0,0,0,0,0,0,0,0,0,0,0,1,0,0,0,0,0,0,0,0,0,0,0,0,0],"dailyDeathsPerMillion":[0,0,0,0,0,0,0,0,0,0,0,0,0,0,0,0,0,0,0,0,0,0,0,0,0,0,0,0,0,0,0,0,0,0,0,0,0,0,0,0,0,0,0,0,0,0,0,0,0,0,0,0,0,0,0,0,0,0,0,0,0,0,0,0,0,0,0,0,0,0,0,0,0,0,0,0,0,0,0,0,0,0,0,0,0,0,0,0,0,0,0,0,0,0,0,0.50812982,0,0,0,0,0,0,0,0,0,0.50812982,0,0,0.50812982,0,0,0,0,0,0,0.50812982,0,0,1.01625965,0,0,0,0,0,0.50812982,0,0,0.50812982,0,0,0,0,0,0,0,2.03251929,0,0,0,0,0,0,1.52438947,0,0,0,0,0,0,1.01625965,0,0,1.01625965,0,0,0,1.52438947,0,0,1.01625965,0,0,0,0.50812982,0,0,0,0,0,0,0.50812982,0,0,0,0,0,0,0,0,0,0,0,0,0,0,0,0,0,0,0,0,0,0.50812982,0,0,0,0,0,0,1.01625965,0,0,0,0,0,0,2.03251929,0,0,0,0,0,0,0,0,0,0,0.50812982,0,0,0,0,0,0,0,0,2.03251929,0,0,0,0,0,0.50812982,0,0,0,0,0,0,0,0,0,0,0,0,0,0,0,0,0,0,0,0,0,0,0,0,0.50812982,0,0,0,0,0,0,0.50812982,0,0,0,0,0,0,0,0,0,0,0,0,0,0,0,0,0,0,0,0,0,0,0.50812982,0,0,0,0,0.50812982,0,0,0,0,0,0,0,0,0,0,0,0,0,0,0,0,0,0,0,0,0.50812982,0,0,0,0,0,0,0,0,0,0,0,0,0],"cumulativeConfirmedCases":[0,0,0,0,0,0,0,0,0,0,0,0,0,0,0,0,0,0,0,0,0,0,0,0,0,0,0,0,0,0,0,0,0,0,0,0,0,0,0,0,0,0,0,0,0,0,0,0,0,0,0,0,0,0,0,0,0,0,0,0,0,0,0,2,2,2,2,2,8,8,9,9,15,18,18,18,33,33,36,36,38,38,38,38,43,43,43,46,50,50,50,50,50,52,52,53,73,73,205,205,257,257,257,413,413,475,564,594,641,726,761,820,836,913,913,969,990,1032,1038,1089,1109,1114,1114,1114,1178,1178,1195,1195,1256,1256,1256,1339,1339,1339,1339,1368,1368,1368,1389,1389,1389,1389,1460,1460,1460,1492,1492,1492,1492,1541,1541,1541,1556,1556,1556,1556,1614,1614,1614,1654,1654,1654,1654,1765,1765,1765,1790,1790,1790,1790,1842,1842,1842,1842,1842,1842,1902,1927,1949,1949,1949,1954,1954,1954,1954,1954,1954,1954,1954,1954,1981,1981,1981,1981,1981,1981,2032,2032,2032,2052,2052,2052,2088,2088,2088,2088,2117,2117,2117,2117,2117,2149,2149,2149,2149,2149,2149,2205,2205,2205,2205,2205,2205,2205,2205,2205,2245,2245,2245,2245,2245,2245,2275,2275,2275,2275,2275,2275,2275,2275,2303,2303,2303,2303,2324,2324,2324,2324,2324,2324,2324,2324,2324,2324,2362,2362,2362,2385,2385,2385,2385,2385,2385,2385,2389,2389,2389,2389,2389,2389,2389,2403,2403,2403,2403,2403,2403,2403,2403,2403,2403,2403,2403,2413,2413,2413,2413,2414,2414,2414,2414,2414,2419,2419,2419,2419,2419,2419,2419,2419,2419,2421,2421,2421,2421,2421,2422,2422,2422,2422,2422,2422,2422,2441,2441,2441,2441,2441,2441,2441,2444,2444,2444,2444,2444,2444,2444],