{"cumulativeDeaths":[0,0,0,0,0,0,0,0,0,0,0,0,0,0,0,0,0,0,0,0,0,0,0,0,0,0,0,0,0,0,0,0,0,0,0,0,0,0,0,0,0,0,0,0,0,0,0,0,0,0,0,0,0,0,0,0,0,0,0,1,2,2,2,2,2,2,2,3,3,5,6,7,7,7,7,7,7,7,7,9,9,9,9,9,9,9,9,9,9,9,9,9,9,9,9,9,10,10,10,10,10,10,10,10,10,10,10,10,10,10,10,10,10,10,10,10,10,10,10,10,10,10,10,10,10,10,10,10,10,10,10,10,10,10,10,10,10,10,10,10,10,10,10,10,10,10,10,10,10,10,10,10,10,10,10,10,10,10,10,10,10,10,10,10,10,10,10,10,10,10,10,10,10,10,10,10,10,10,10,10,10,10,10,10,10,10,10,10,10,10,10,10,10,10,10,10,10,10,10,10,10,10,10,10,10,10,10,10,10,10,10,10,10,10,10,10,10,10,10,10,10,10,10,10,10,10,10,10,10,10,10,10,10,10,10,10,10,10,10,10,10,10,10,10,10,10,10,10,10,10,10,10,10,10,10,10,10,10,10,10,10,10,10,10,10,10,10,10,10,10,10,10,10,10,10,10,10,10,10,10,10,10,10,10,10,10,10,10,10,10,10,10,10,10,10,10,10,10,10,10,10,10,10,10,10,10,10,10,10,10,10,10,10,10,10,10,10],"cumulativeDeathsPerMillion":[0,0,0,0,0,0,0,0,0,0,0,0,0,0,0,0,0,0,0,0,0,0,0,0,0,0,0,0,0,0,0,0,0,0,0,0,0,0,0,0,0,0,0,0,0,0,0,0,0,0,0,0,0,0,0,0,0,0,0,0.78630694,1.57261387,1.57261387,1.57261387,1.57261387,1.57261387,1.57261387,1.57261387,2.35892081,2.35892081,3.93153468,4.71784162,5.50414856,5.50414856,5.50414856,5.50414856,5.50414856,5.50414856,5.50414856,5.50414856,7.07676243,7.07676243,7.07676243,7.07676243,7.07676243,7.07676243,7.07676243,7.07676243,7.07676243,7.07676243,7.07676243,7.07676243,7.07676243,7.07676243,7.07676243,7.07676243,7.07676243,7.86306936,7.86306936,7.86306936,7.86306936,7.86306936,7.86306936,7.86306936,7.86306936,7.86306936,7.86306936,7.86306936,7.86306936,7.86306936,7.86306936,7.86306936,7.86306936,7.86306936,7.86306936,7.86306936,7.86306936,7.86306936,7.86306936,7.86306936,7.86306936,7.86306936,7.86306936,7.86306936,7.86306936,7.86306936,7.86306936,7.86306936,7.86306936,7.86306936,7.86306936,7.86306936,7.86306936,7.86306936,7.86306936,7.86306936,7.86306936,7.86306936,7.86306936,7.86306936,7.86306936,7.86306936,7.86306936,7.86306936,7.86306936,7.86306936,7.86306936,7.86306936,7.86306936,7.86306936,7.86306936,7.86306936,7.86306936,7.86306936,7.86306936,7.86306936,7.86306936,7.86306936,7.86306936,7.86306936,7.86306936,7.86306936,7.86306936,7.86306936,7.86306936,7.86306936,7.86306936,7.86306936,7.86306936,7.86306936,7.86306936,7.86306936,7.86306936,7.86306936,7.86306936,7.86306936,7.86306936,7.86306936,7.86306936,7.86306936,7.86306936,7.86306936,7.86306936,7.86306936,7.86306936,7.86306936,7.86306936,7.86306936,7.86306936,7.86306936,7.86306936,7.86306936,7.86306936,7.86306936,7.86306936,7.86306936,7.86306936,7.86306936,7.86306936,7.86306936,7.86306936,7.86306936,7.86306936,7.86306936,7.86306936,7.86306936,7.86306936,7.86306936,7.86306936,7.86306936,7.86306936,7.86306936,7.86306936,7.86306936,7.86306936,7.86306936,7.86306936,7.86306936,7.86306936,7.86306936,7.86306936,7.86306936,7.86306936,7.86306936,7.86306936,7.86306936,7.86306936,7.86306936,7.86306936,7.86306936,7.86306936,7.86306936,7.86306936,7.86306936,7.86306936,7.86306936,7.86306936,7.86306936,7.86306936,7.86306936,7.86306936,7.86306936,7.86306936,7.86306936,7.86306936,7.86306936,7.86306936,7.86306936,7.86306936,7.86306936,7.86306936,7.86306936,7.86306936,7.86306936,7.86306936,7.86306936,7.86306936,7.86306936,7.86306936,7.86306936,7.86306936,7.86306936,7.86306936,7.86306936,7.86306936,7.86306936,7.86306936,7.86306936,7.86306936,7.86306936,7.86306936,7.86306936,7.86306936,7.86306936,7.86306936,7.86306936,7.86306936,7.86306936,7.86306936,7.86306936,7.86306936,7.86306936,7.86306936,7.86306936,7.86306936,7.86306936,7.86306936,7.86306936,7.86306936,7.86306936,7.86306936,7.86306936,7.86306936,7.86306936,7.86306936,7.86306936,7.86306936,7.86306936,7.86306936,7.86306936,7.86306936,7.86306936,7.86306936,7.86306936,7.86306936,7.86306936,7.86306936,7.86306936,7.86306936,7.86306936,7.86306936,7.86306936,7.86306936,7.86306936,7.86306936,7.86306936,7.86306936,7.86306936],"dailyDeaths":[0,0,0,0,0,0,0,0,0,0,0,0,0,0,0,0,0,0,0,0,0,0,0,0,0,0,0,0,0,0,0,0,0,0,0,0,0,0,0,0,0,0,0,0,0,0,0,0,0,0,0,0,0,0,0,0,0,0,0,1,1,0,0,0,0,0,0,1,0,2,1,1,0,0,0,0,0,0,0,2,0,0,0,0,0,0,0,0,0,0,0,0,0,0,0,0,1,0,0,0,0,0,0,0,0,0,0,0,0,0,0,0,0,0,0,0,0,0,0,0,0,0,0,0,0,0,0,0,0,0,0,0,0,0,0,0,0,0,0,0,0,0,0,0,0,0,0,0,0,0,0,0,0,0,0,0,0,0,0,0,0,0,0,0,0,0,0,0,0,0,0,0,0,0,0,0,0,0,0,0,0,0,0,0,0,0,0,0,0,0,0,0,0,0,0,0,0,0,0,0,0,0,0,0,0,0,0,0,0,0,0,0,0,0,0,0,0,0,0,0,0,0,0,0,0,0,0,0,0,0,0,0,0,0,0,0,0,0,0,0,0,0,0,0,0,0,0,0,0,0,0,0,0,0,0,0,0,0,0,0,0,0,0,0,0,0,0,0,0,0,0,0,0,0,0,0,0,0,0,0,0,0,0,0,0,0,0,0,0,0,0,0,0,0,0,0,0,0,0,0,0,0,0,0,0,0,0,0,0,0,0,0,0,0,0,0,0],"dailyDeathsPerMillion":[0,0,0,0,0,0,0,0,0,0,0,0,0,0,0,0,0,0,0,0,0,0,0,0,0,0,0,0,0,0,0,0,0,0,0,0,0,0,0,0,0,0,0,0,0,0,0,0,0,0,0,0,0,0,0,0,0,0,0,0.78630694,0.78630694,0,0,0,0,0,0,0.78630694,0,1.57261387,0.78630694,0.78630694,0,0,0,0,0,0,0,1.57261387,0,0,0,0,0,0,0,0,0,0,0,0,0,0,0,0,0.78630694,0,0,0,0,0,0,0,0,0,0,0,0,0,0,0,0,0,0,0,0,0,0,0,0,0,0,0,0,0,0,0,0,0,0,0,0,0,0,0,0,0,0,0,0,0,0,0,0,0,0,0,0,0,0,0,0,0,0,0,0,0,0,0,0,0,0,0,0,0,0,0,0,0,0,0,0,0,0,0,0,0,0,0,0,0,0,0,0,0,0,0,0,0,0,0,0,0,0,0,0,0,0,0,0,0,0,0,0,0,0,0,0,0,0,0,0,0,0,0,0,0,0,0,0,0,0,0,0,0,0,0,0,0,0,0,0,0,0,0,0,0,0,0,0,0,0,0,0,0,0,0,0,0,0,0,0,0,0,0,0,0,0,0,0,0,0,0,0,0,0,0,0,0,0,0,0,0,0,0,0,0,0,0,0,0,0,0,0,0,0,0,0,0,0,0,0,0,0,0,0,0,0,0,0,0,0,0,0,0,0,0,0,0,0,0,0,0,0,0,0],"cumulativeConfirmedCases":[0,0,0,0,0,0,0,0,0,0,0,0,0,0,0,0,0,0,0,0,0,0,0,0,0,0,0,0,0,0,0,0,0,0,0,0,0,0,0,0,0,0,0,0,0,0,0,0,0,0,0,0,0,0,0,0,3,3,12,14,28,36,42,48,81,94,102,107,128,143,161,169,186,196,227,244,268,273,314,318,319,324,324,324,324,324,324,325,328,328,328,329,331,331,331,332,332,332,332,332,332,332,332,332,332,332,332,332,332,332,332,332,332,332,332,332,332,332,332,332,332,332,332,334,334,334,334,334,335,335,335,335,335,335,335,337,337,337,337,337,337,337,337,337,337,337,337,337,337,337,337,337,340,340,341,341,341,341,341,341,341,341,341,341,341,341,342,342,342,342,342,342,342,342,342,343,343,343,343,343,343,343,343,343,344,344,344,344,344,344,344,344,344,344,344,344,344,344,344,344,344,344,344,344,344,345,346,346,346,346,346,346,346,346,346,347,348,348,355,355,355,355,356,356,356,356,356,356,356,356,361,361,361,361,361,361,361,365,365,366,366,366,366,366,367,367,367,367,367,367,367,367,381,381,385,385,385,387,395,395,395,395,395,395,404,407,407,415,417,417,417,419,419,419,425,435,435,435,439,439,439,439,441,441,446,451,451,452,453,453,453,453,453,453,453,468,470,470,478,491,491,494,494,494,494,494,494,494,497,498,501,501,501,504,505,508,508],