{"cumulativeDeaths":[0,0,0,0,0,0,0,0,0,0,0,0,0,0,0,0,0,0,0,0,0,0,0,0,0,0,0,0,0,0,0,0,0,0,0,0,0,0,0,0,0,0,0,0,0,0,0,0,0,0,0,0,0,0,0,0,0,0,0,0,0,0,0,0,0,0,0,0,0,0,0,0,0,0,0,0,0,0,0,0,0,0,0,0,0,0,0,0,0,0,0,0,0,0,0,0,0,0,0,0,1,1,1,3,3,3,4,5,5,5,5,5,6,7,7,7,7,7,8,8,8,8,8,8,11,12,12,12,12,12,12,12,12,12,12,12,12,12,12,12,12,12,12,12,12,12,12,12,12,12,12,12,12,12,13,13,13,13,13,13,13,13,13,13,13,13,13,13,13,14,14,14,14,14,14,14,14,14,14,14,14,14,14,14,14,14,14,14,14,15,15,15,15,15,15,15,15,15,15,15,15,15,15,15,15,15,15,15,15,15,15,15,15,15,15,15,15,15,15,15,15,15,15,15,15,15,15,15,15,15,15,15,15,15,15,15,15,15,15,15,15,15,15,15,15,15,15,15,15,15,15,15,15,15,15,15,15,15,15,15,15,15,15,15,15,15,15,15,15,15,15,15,15,15,15,15,15,15,15,15,15,16,16,16,16,16,16,16,16,16,16,16,16,16,16,16,16,16,16,16,16,16,16,17,17,17,17,17,17,17,17,17,17,17],"cumulativeDeathsPerMillion":[0,0,0,0,0,0,0,0,0,0,0,0,0,0,0,0,0,0,0,0,0,0,0,0,0,0,0,0,0,0,0,0,0,0,0,0,0,0,0,0,0,0,0,0,0,0,0,0,0,0,0,0,0,0,0,0,0,0,0,0,0,0,0,0,0,0,0,0,0,0,0,0,0,0,0,0,0,0,0,0,0,0,0,0,0,0,0,0,0,0,0,0,0,0,0,0,0,0,0,0,4.56289726,4.56289726,4.56289726,13.68869177,13.68869177,13.68869177,18.25158903,22.81448629,22.81448629,22.81448629,22.81448629,22.81448629,27.37738354,31.9402808,31.9402808,31.9402808,31.9402808,31.9402808,36.50317806,36.50317806,36.50317806,36.50317806,36.50317806,36.50317806,50.19186983,54.75476709,54.75476709,54.75476709,54.75476709,54.75476709,54.75476709,54.75476709,54.75476709,54.75476709,54.75476709,54.75476709,54.75476709,54.75476709,54.75476709,54.75476709,54.75476709,54.75476709,54.75476709,54.75476709,54.75476709,54.75476709,54.75476709,54.75476709,54.75476709,54.75476709,54.75476709,54.75476709,54.75476709,54.75476709,59.31766434,59.31766434,59.31766434,59.31766434,59.31766434,59.31766434,59.31766434,59.31766434,59.31766434,59.31766434,59.31766434,59.31766434,59.31766434,59.31766434,59.31766434,63.8805616,63.8805616,63.8805616,63.8805616,63.8805616,63.8805616,63.8805616,63.8805616,63.8805616,63.8805616,63.8805616,63.8805616,63.8805616,63.8805616,63.8805616,63.8805616,63.8805616,63.8805616,63.8805616,63.8805616,68.44345886,68.44345886,68.44345886,68.44345886,68.44345886,68.44345886,68.44345886,68.44345886,68.44345886,68.44345886,68.44345886,68.44345886,68.44345886,68.44345886,68.44345886,68.44345886,68.44345886,68.44345886,68.44345886,68.44345886,68.44345886,68.44345886,68.44345886,68.44345886,68.44345886,68.44345886,68.44345886,68.44345886,68.44345886,68.44345886,68.44345886,68.44345886,68.44345886,68.44345886,68.44345886,68.44345886,68.44345886,68.44345886,68.44345886,68.44345886,68.44345886,68.44345886,68.44345886,68.44345886,68.44345886,68.44345886,68.44345886,68.44345886,68.44345886,68.44345886,68.44345886,68.44345886,68.44345886,68.44345886,68.44345886,68.44345886,68.44345886,68.44345886,68.44345886,68.44345886,68.44345886,68.44345886,68.44345886,68.44345886,68.44345886,68.44345886,68.44345886,68.44345886,68.44345886,68.44345886,68.44345886,68.44345886,68.44345886,68.44345886,68.44345886,68.44345886,68.44345886,68.44345886,68.44345886,68.44345886,68.44345886,68.44345886,68.44345886,68.44345886,68.44345886,68.44345886,68.44345886,68.44345886,68.44345886,68.44345886,68.44345886,68.44345886,73.00635612,73.00635612,73.00635612,73.00635612,73.00635612,73.00635612,73.00635612,73.00635612,73.00635612,73.00635612,73.00635612,73.00635612,73.00635612,73.00635612,73.00635612,73.00635612,73.00635612,73.00635612,73.00635612,73.00635612,73.00635612,73.00635612,77.56925337,77.56925337,77.56925337,77.56925337,77.56925337,77.56925337,77.56925337,77.56925337,77.56925337,77.56925337,77.56925337],"dailyDeaths":[0,0,0,0,0,0,0,0,0,0,0,0,0,0,0,0,0,0,0,0,0,0,0,0,0,0,0,0,0,0,0,0,0,0,0,0,0,0,0,0,0,0,0,0,0,0,0,0,0,0,0,0,0,0,0,0,0,0,0,0,0,0,0,0,0,0,0,0,0,0,0,0,0,0,0,0,0,0,0,0,0,0,0,0,0,0,0,0,0,0,0,0,0,0,0,0,0,0,0,0,1,0,0,2,0,0,1,1,0,0,0,0,1,1,0,0,0,0,1,0,0,0,0,0,3,1,0,0,0,0,0,0,0,0,0,0,0,0,0,0,0,0,0,0,0,0,0,0,0,0,0,0,0,0,1,0,0,0,0,0,0,0,0,0,0,0,0,0,0,1,0,0,0,0,0,0,0,0,0,0,0,0,0,0,0,0,0,0,0,1,0,0,0,0,0,0,0,0,0,0,0,0,0,0,0,0,0,0,0,0,0,0,0,0,0,0,0,0,0,0,0,0,0,0,0,0,0,0,0,0,0,0,0,0,0,0,0,0,0,0,0,0,0,0,0,0,0,0,0,0,0,0,0,0,0,0,0,0,0,0,0,0,0,0,0,0,0,0,0,0,0,0,0,0,0,0,0,0,0,0,0,1,0,0,0,0,0,0,0,0,0,0,0,0,0,0,0,0,0,0,0,0,0,1,0,0,0,0,0,0,0,0,0,0],"dailyDeathsPerMillion":[0,0,0,0,0,0,0,0,0,0,0,0,0,0,0,0,0,0,0,0,0,0,0,0,0,0,0,0,0,0,0,0,0,0,0,0,0,0,0,0,0,0,0,0,0,0,0,0,0,0,0,0,0,0,0,0,0,0,0,0,0,0,0,0,0,0,0,0,0,0,0,0,0,0,0,0,0,0,0,0,0,0,0,0,0,0,0,0,0,0,0,0,0,0,0,0,0,0,0,0,4.56289726,0,0,9.12579451,0,0,4.56289726,4.56289726,0,0,0,0,4.56289726,4.56289726,0,0,0,0,4.56289726,0,0,0,0,0,13.68869177,4.56289726,0,0,0,0,0,0,0,0,0,0,0,0,0,0,0,0,0,0,0,0,0,0,0,0,0,0,0,0,4.56289726,0,0,0,0,0,0,0,0,0,0,0,0,0,0,4.56289726,0,0,0,0,0,0,0,0,0,0,0,0,0,0,0,0,0,0,0,4.56289726,0,0,0,0,0,0,0,0,0,0,0,0,0,0,0,0,0,0,0,0,0,0,0,0,0,0,0,0,0,0,0,0,0,0,0,0,0,0,0,0,0,0,0,0,0,0,0,0,0,0,0,0,0,0,0,0,0,0,0,0,0,0,0,0,0,0,0,0,0,0,0,0,0,0,0,0,0,0,0,0,0,0,0,0,0,0,0,0,0,0,0,4.56289726,0,0,0,0,0,0,0,0,0,0,0,0,0,0,0,0,0,0,0,0,0,4.56289726,0,0,0,0,0,0,0,0,0,0],"cumulativeConfirmedCases":[0,0,0,0,0,0,0,0,0,0,0,0,0,0,0,0,0,0,0,0,0,0,0,0,0,0,0,0,0,0,0,0,0,0,0,0,0,0,0,0,0,0,0,0,0,0,0,0,0,0,0,0,0,0,0,0,0,0,0,0,0,0,0,0,0,0,0,0,0,0,0,0,0,0,0,4,4,4,4,4,4,4,4,4,4,4,4,4,4,4,4,4,4,4,4,4,4,8,8,14,16,16,16,23,174,174,187,208,208,208,208,208,220,235,235,235,235,246,251,251,251,251,251,251,299,441,443,458,463,479,483,484,484,484,485,499,499,513,513,514,611,632,639,659,661,662,671,683,688,693,698,698,702,707,710,711,712,713,713,713,714,715,717,719,719,720,721,724,724,726,727,727,729,732,732,737,740,741,743,746,746,746,747,749,860,862,863,865,867,868,870,871,874,874,874,875,878,878,878,878,878,878,881,882,883,885,885,885,885,885,885,888,891,892,892,892,892,892,894,895,895,896,896,896,896,897,897,898,898,898,898,898,901,906,906,906,906,907,907,907,908,908,908,908,908,908,910,911,911,911,911,911,911,911,911,913,913,913,914,914,921,922,922,929,929,929,929,929,932,932,933,933,933,935,935,938,940,940,941,941,943,944,945,945,949,949,954,958,958,960,962,962,962,962,962,963,963,964,965,965,967,967,974,974,979,979,981,981,982,985,985,989,989,991],