{"cumulativeDeaths":[0,0,0,0,0,0,0,0,0,0,0,0,0,0,0,0,0,0,0,0,0,0,0,0,0,0,0,0,0,0,0,0,0,0,0,0,0,0,0,0,0,0,0,0,0,0,0,0,0,0,0,0,0,0,0,0,0,0,0,0,0,0,0,0,0,0,0,0,0,0,0,0,0,0,0,0,0,0,0,0,0,0,0,0,0,0,0,0,0,0,0,0,1,2,2,4,4,4,4,7,7,8,8,9,11,14,16,17,18,18,19,19,26,26,27,29,32,33,33,34,35,38,39,40,42,44,45,45,45,46,46,46,46,47,47,47,48,48,49,50,50,50,51,51,51,51,51,51,51,53,53,55,55,55,55,56,59,59,60,60,60,60,60,62,62,62,62,63,63,63,63,63,63,63,64,64,64,65,65,65,66,66,66,66,66,66,66,66,66,67,67,67,67,67,67,67,67,67,68,68,68,69,69,69,69,69,69,69,69,69,69,69,69,69,69,69,69,69,70,70,70,70,70,71,71,71,71,71,71,71,72,72,72,72,72,72,72,72,72,72,72,72,72,72,72,72,72,72,72,72,72,72,72,72,72,72,72,72,72,72,72,72,72,72,72,72,73,73,73,73,73,73,73,73,73,74,74,74,74,74,74,74,74,74,74,74,74,74,74,74,74,74,74,74,74,74,74,74,74,74,74,74,74,74,74,74,74],"cumulativeDeathsPerMillion":[0,0,0,0,0,0,0,0,0,0,0,0,0,0,0,0,0,0,0,0,0,0,0,0,0,0,0,0,0,0,0,0,0,0,0,0,0,0,0,0,0,0,0,0,0,0,0,0,0,0,0,0,0,0,0,0,0,0,0,0,0,0,0,0,0,0,0,0,0,0,0,0,0,0,0,0,0,0,0,0,0,0,0,0,0,0,0,0,0,0,0,0,0.12536068,0.25072136,0.25072136,0.50144271,0.50144271,0.50144271,0.50144271,0.87752475,0.87752475,1.00288543,1.00288543,1.12824611,1.37896746,1.7550495,2.00577085,2.13113153,2.25649221,2.25649221,2.38185289,2.38185289,3.25937764,3.25937764,3.38473832,3.63545967,4.01154171,4.13690239,4.13690239,4.26226306,4.38762374,4.76370578,4.88906646,5.01442713,5.26514849,5.51586985,5.64123053,5.64123053,5.64123053,5.7665912,5.7665912,5.7665912,5.7665912,5.89195188,5.89195188,5.89195188,6.01731256,6.01731256,6.14267324,6.26803392,6.26803392,6.26803392,6.3933946,6.3933946,6.3933946,6.3933946,6.3933946,6.3933946,6.3933946,6.64411595,6.64411595,6.89483731,6.89483731,6.89483731,6.89483731,7.02019799,7.39628002,7.39628002,7.5216407,7.5216407,7.5216407,7.5216407,7.5216407,7.77236206,7.77236206,7.77236206,7.77236206,7.89772274,7.89772274,7.89772274,7.89772274,7.89772274,7.89772274,7.89772274,8.02308341,8.02308341,8.02308341,8.14844409,8.14844409,8.14844409,8.27380477,8.27380477,8.27380477,8.27380477,8.27380477,8.27380477,8.27380477,8.27380477,8.27380477,8.39916545,8.39916545,8.39916545,8.39916545,8.39916545,8.39916545,8.39916545,8.39916545,8.39916545,8.52452613,8.52452613,8.52452613,8.64988681,8.64988681,8.64988681,8.64988681,8.64988681,8.64988681,8.64988681,8.64988681,8.64988681,8.64988681,8.64988681,8.64988681,8.64988681,8.64988681,8.64988681,8.64988681,8.64988681,8.77524748,8.77524748,8.77524748,8.77524748,8.77524748,8.90060816,8.90060816,8.90060816,8.90060816,8.90060816,8.90060816,8.90060816,9.02596884,9.02596884,9.02596884,9.02596884,9.02596884,9.02596884,9.02596884,9.02596884,9.02596884,9.02596884,9.02596884,9.02596884,9.02596884,9.02596884,9.02596884,9.02596884,9.02596884,9.02596884,9.02596884,9.02596884,9.02596884,9.02596884,9.02596884,9.02596884,9.02596884,9.02596884,9.02596884,9.02596884,9.02596884,9.02596884,9.02596884,9.02596884,9.02596884,9.02596884,9.02596884,9.02596884,9.15132952,9.15132952,9.15132952,9.15132952,9.15132952,9.15132952,9.15132952,9.15132952,9.15132952,9.2766902,9.2766902,9.2766902,9.2766902,9.2766902,9.2766902,9.2766902,9.2766902,9.2766902,9.2766902,9.2766902,9.2766902,9.2766902,9.2766902,9.2766902,9.2766902,9.2766902,9.2766902,9.2766902,9.2766902,9.2766902,9.2766902,9.2766902,9.2766902,9.2766902,9.2766902,9.2766902,9.2766902,9.2766902,9.2766902,9.2766902,9.2766902],"dailyDeaths":[0,0,0,0,0,0,0,0,0,0,0,0,0,0,0,0,0,0,0,0,0,0,0,0,0,0,0,0,0,0,0,0,0,0,0,0,0,0,0,0,0,0,0,0,0,0,0,0,0,0,0,0,0,0,0,0,0,0,0,0,0,0,0,0,0,0,0,0,0,0,0,0,0,0,0,0,0,0,0,0,0,0,0,0,0,0,0,0,0,0,0,0,1,1,0,2,0,0,0,3,0,1,0,1,2,3,2,1,1,0,1,0,7,0,1,2,3,1,0,1,1,3,1,1,2,2,1,0,0,1,0,0,0,1,0,0,1,0,1,1,0,0,1,0,0,0,0,0,0,2,0,2,0,0,0,1,3,0,1,0,0,0,0,2,0,0,0,1,0,0,0,0,0,0,1,0,0,1,0,0,1,0,0,0,0,0,0,0,0,1,0,0,0,0,0,0,0,0,1,0,0,1,0,0,0,0,0,0,0,0,0,0,0,0,0,0,0,0,1,0,0,0,0,1,0,0,0,0,0,0,1,0,0,0,0,0,0,0,0,0,0,0,0,0,0,0,0,0,0,0,0,0,0,0,0,0,0,0,0,0,0,0,0,0,0,0,1,0,0,0,0,0,0,0,0,1,0,0,0,0,0,0,0,0,0,0,0,0,0,0,0,0,0,0,0,0,0,0,0,0,0,0,0,0,0,0,0],"dailyDeathsPerMillion":[0,0,0,0,0,0,0,0,0,0,0,0,0,0,0,0,0,0,0,0,0,0,0,0,0,0,0,0,0,0,0,0,0,0,0,0,0,0,0,0,0,0,0,0,0,0,0,0,0,0,0,0,0,0,0,0,0,0,0,0,0,0,0,0,0,0,0,0,0,0,0,0,0,0,0,0,0,0,0,0,0,0,0,0,0,0,0,0,0,0,0,0,0.12536068,0.12536068,0,0.25072136,0,0,0,0.37608204,0,0.12536068,0,0.12536068,0.25072136,0.37608204,0.25072136,0.12536068,0.12536068,0,0.12536068,0,0.87752475,0,0.12536068,0.25072136,0.37608204,0.12536068,0,0.12536068,0.12536068,0.37608204,0.12536068,0.12536068,0.25072136,0.25072136,0.12536068,0,0,0.12536068,0,0,0,0.12536068,0,0,0.12536068,0,0.12536068,0.12536068,0,0,0.12536068,0,0,0,0,0,0,0.25072136,0,0.25072136,0,0,0,0.12536068,0.37608204,0,0.12536068,0,0,0,0,0.25072136,0,0,0,0.12536068,0,0,0,0,0,0,0.12536068,0,0,0.12536068,0,0,0.12536068,0,0,0,0,0,0,0,0,0.12536068,0,0,0,0,0,0,0,0,0.12536068,0,0,0.12536068,0,0,0,0,0,0,0,0,0,0,0,0,0,0,0,0,0.12536068,0,0,0,0,0.12536068,0,0,0,0,0,0,0.12536068,0,0,0,0,0,0,0,0,0,0,0,0,0,0,0,0,0,0,0,0,0,0,0,0,0,0,0,0,0,0,0,0,0,0,0,0.12536068,0,0,0,0,0,0,0,0,0.12536068,0,0,0,0,0,0,0,0,0,0,0,0,0,0,0,0,0,0,0,0,0,0,0,0,0,0,0,0,0,0,0],"cumulativeConfirmedCases":[0,0,0,0,0,0,0,0,0,0,0,0,0,0,0,0,0,0,0,0,0,0,0,0,0,0,0,0,0,0,0,0,0,0,0,0,0,0,0,0,0,0,0,0,0,0,0,0,0,0,0,0,0,0,0,0,0,0,0,0,0,0,0,0,0,0,0,0,0,1,2,2,2,4,6,6,6,7,7,8,8,10,10,11,13,15,26,30,35,43,50,61,64,82,82,93,93,104,104,124,136,155,166,178,199,225,231,257,291,307,338,338,387,408,447,462,505,519,534,570,585,606,621,707,735,754,782,812,829,852,861,865,896,909,914,929,946,969,1001,1025,1062,1085,1103,1132,1169,1176,1225,1249,1272,1298,1309,1327,1340,1347,1354,1354,1394,1410,1427,1450,1462,1498,1518,1524,1533,1542,1547,1572,1584,1598,1613,1618,1635,1642,1651,1668,1678,1688,1701,1711,1711,1727,1731,1752,1765,1768,1783,1783,1786,1803,1818,1823,1823,1843,1848,1855,1860,1877,1887,1895,1916,1917,1932,1937,1940,1947,1954,1956,1956,1959,1961,1969,1972,1980,1992,1997,2001,2003,2013,2013,2019,2022,2022,2028,2029,2035,2041,2041,2054,2055,2064,2067,2069,2087,2096,2109,2111,2126,2133,2133,2153,2159,2168,2168,2174,2183,2188,2199,2208,2215,2215,2222,2231,2238,2252,2259,2269,2269,2277,2287,2293,2295,2300,2306,2306,2309,2315,2323,2325,2327,2330,2331,2336,2337,2340,2343,2345,2346,2346,2350,2354,2362,2365,2366,2366,2366,2368,2369,2371,2373,2381,2381,2385,2386,2386,2387,2389,2391,2391,2391,2392,2397,2397,2399,2405,2405,2406],