{"cumulativeDeaths":[0,0,0,0,0,0,0,0,0,0,0,0,0,0,0,0,0,0,0,0,0,0,0,0,0,0,0,0,0,0,0,0,0,0,0,0,0,0,0,0,0,0,0,0,0,0,0,0,0,0,0,0,0,0,0,0,0,0,0,0,0,0,0,0,0,0,0,0,0,0,0,0,0,0,0,0,0,0,0,0,0,0,0,0,0,0,0,0,0,0,0,0,0,0,0,0,0,0,0,0,0,0,0,0,0,0,0,0,0,0,0,0,0,0,4,4,4,4,4,4,4,6,8,8,8,8,10,10,10,10,10,10,10,10,10,10,10,14,19,19,19,24,24,27,27,27,30,31,32,34,34,34,35,36,36,36,36,36,36,36,38,38,38,38,38,38,38,38,38,38,38,38,38,41,41,41,41,43,43,43,45,45,45,45,45,45,45,46,46,46,46,46,46,46,46,47,47,47,47,47,47,47,47,47,47,47,47,47,47,47,47,47,47,47,47,47,47,47,47,47,47,47,47,47,47,47,47,48,48,48,49,49,49,49,49,49,49,49,49,49,49,49,49,49,49,49,49,49,49,49,49,49,49,49,50,50,50,50,50,50,53,54,54,55,55,55,55,55,55,55,55,55,55,55,55,56,56,56,56,56,56,58,58,58,59,59,59,59,59,59,59,59,59,59,59,59,59,59,59,59,59,59,59,59,60,60,60,60,61,61,61,61,61,61,61,61,62,62,62,62,62],"cumulativeDeathsPerMillion":[0,0,0,0,0,0,0,0,0,0,0,0,0,0,0,0,0,0,0,0,0,0,0,0,0,0,0,0,0,0,0,0,0,0,0,0,0,0,0,0,0,0,0,0,0,0,0,0,0,0,0,0,0,0,0,0,0,0,0,0,0,0,0,0,0,0,0,0,0,0,0,0,0,0,0,0,0,0,0,0,0,0,0,0,0,0,0,0,0,0,0,0,0,0,0,0,0,0,0,0,0,0,0,0,0,0,0,0,0,0,0,0,0,0,0.35734306,0.35734306,0.35734306,0.35734306,0.35734306,0.35734306,0.35734306,0.5360146,0.71468613,0.71468613,0.71468613,0.71468613,0.89335766,0.89335766,0.89335766,0.89335766,0.89335766,0.89335766,0.89335766,0.89335766,0.89335766,0.89335766,0.89335766,1.25070073,1.69737956,1.69737956,1.69737956,2.14405839,2.14405839,2.41206569,2.41206569,2.41206569,2.68007299,2.76940875,2.85874452,3.03741605,3.03741605,3.03741605,3.12675182,3.21608758,3.21608758,3.21608758,3.21608758,3.21608758,3.21608758,3.21608758,3.39475912,3.39475912,3.39475912,3.39475912,3.39475912,3.39475912,3.39475912,3.39475912,3.39475912,3.39475912,3.39475912,3.39475912,3.39475912,3.66276642,3.66276642,3.66276642,3.66276642,3.84143795,3.84143795,3.84143795,4.02010948,4.02010948,4.02010948,4.02010948,4.02010948,4.02010948,4.02010948,4.10944525,4.10944525,4.10944525,4.10944525,4.10944525,4.10944525,4.10944525,4.10944525,4.19878101,4.19878101,4.19878101,4.19878101,4.19878101,4.19878101,4.19878101,4.19878101,4.19878101,4.19878101,4.19878101,4.19878101,4.19878101,4.19878101,4.19878101,4.19878101,4.19878101,4.19878101,4.19878101,4.19878101,4.19878101,4.19878101,4.19878101,4.19878101,4.19878101,4.19878101,4.19878101,4.19878101,4.19878101,4.19878101,4.19878101,4.19878101,4.28811678,4.28811678,4.28811678,4.37745255,4.37745255,4.37745255,4.37745255,4.37745255,4.37745255,4.37745255,4.37745255,4.37745255,4.37745255,4.37745255,4.37745255,4.37745255,4.37745255,4.37745255,4.37745255,4.37745255,4.37745255,4.37745255,4.37745255,4.37745255,4.37745255,4.37745255,4.37745255,4.46678831,4.46678831,4.46678831,4.46678831,4.46678831,4.46678831,4.73479561,4.82413138,4.82413138,4.91346714,4.91346714,4.91346714,4.91346714,4.91346714,4.91346714,4.91346714,4.91346714,4.91346714,4.91346714,4.91346714,4.91346714,5.00280291,5.00280291,5.00280291,5.00280291,5.00280291,5.00280291,5.18147444,5.18147444,5.18147444,5.27081021,5.27081021,5.27081021,5.27081021,5.27081021,5.27081021,5.27081021,5.27081021,5.27081021,5.27081021,5.27081021,5.27081021,5.27081021,5.27081021,5.27081021,5.27081021,5.27081021,5.27081021,5.27081021,5.27081021,5.36014597,5.36014597,5.36014597,5.36014597,5.44948174,5.44948174,5.44948174,5.44948174,5.44948174,5.44948174,5.44948174,5.44948174,5.53881751,5.53881751,5.53881751,5.53881751,5.53881751],"dailyDeaths":[0,0,0,0,0,0,0,0,0,0,0,0,0,0,0,0,0,0,0,0,0,0,0,0,0,0,0,0,0,0,0,0,0,0,0,0,0,0,0,0,0,0,0,0,0,0,0,0,0,0,0,0,0,0,0,0,0,0,0,0,0,0,0,0,0,0,0,0,0,0,0,0,0,0,0,0,0,0,0,0,0,0,0,0,0,0,0,0,0,0,0,0,0,0,0,0,0,0,0,0,0,0,0,0,0,0,0,0,0,0,0,0,0,0,4,0,0,0,0,0,0,2,2,0,0,0,2,0,0,0,0,0,0,0,0,0,0,4,5,0,0,5,0,3,0,0,3,1,1,2,0,0,1,1,0,0,0,0,0,0,2,0,0,0,0,0,0,0,0,0,0,0,0,3,0,0,0,2,0,0,2,0,0,0,0,0,0,1,0,0,0,0,0,0,0,1,0,0,0,0,0,0,0,0,0,0,0,0,0,0,0,0,0,0,0,0,0,0,0,0,0,0,0,0,0,0,0,1,0,0,1,0,0,0,0,0,0,0,0,0,0,0,0,0,0,0,0,0,0,0,0,0,0,0,1,0,0,0,0,0,3,1,0,1,0,0,0,0,0,0,0,0,0,0,0,1,0,0,0,0,0,2,0,0,1,0,0,0,0,0,0,0,0,0,0,0,0,0,0,0,0,0,0,0,1,0,0,0,1,0,0,0,0,0,0,0,1,0,0,0,0],"dailyDeathsPerMillion":[0,0,0,0,0,0,0,0,0,0,0,0,0,0,0,0,0,0,0,0,0,0,0,0,0,0,0,0,0,0,0,0,0,0,0,0,0,0,0,0,0,0,0,0,0,0,0,0,0,0,0,0,0,0,0,0,0,0,0,0,0,0,0,0,0,0,0,0,0,0,0,0,0,0,0,0,0,0,0,0,0,0,0,0,0,0,0,0,0,0,0,0,0,0,0,0,0,0,0,0,0,0,0,0,0,0,0,0,0,0,0,0,0,0,0.35734306,0,0,0,0,0,0,0.17867153,0.17867153,0,0,0,0.17867153,0,0,0,0,0,0,0,0,0,0,0.35734306,0.44667883,0,0,0.44667883,0,0.2680073,0,0,0.2680073,0.08933577,0.08933577,0.17867153,0,0,0.08933577,0.08933577,0,0,0,0,0,0,0.17867153,0,0,0,0,0,0,0,0,0,0,0,0,0.2680073,0,0,0,0.17867153,0,0,0.17867153,0,0,0,0,0,0,0.08933577,0,0,0,0,0,0,0,0.08933577,0,0,0,0,0,0,0,0,0,0,0,0,0,0,0,0,0,0,0,0,0,0,0,0,0,0,0,0,0,0,0,0.08933577,0,0,0.08933577,0,0,0,0,0,0,0,0,0,0,0,0,0,0,0,0,0,0,0,0,0,0,0,0.08933577,0,0,0,0,0,0.2680073,0.08933577,0,0.08933577,0,0,0,0,0,0,0,0,0,0,0,0.08933577,0,0,0,0,0,0.17867153,0,0,0.08933577,0,0,0,0,0,0,0,0,0,0,0,0,0,0,0,0,0,0,0,0.08933577,0,0,0,0.08933577,0,0,0,0,0,0,0,0.08933577,0,0,0,0],"cumulativeConfirmedCases":[0,0,0,0,0,0,0,0,0,0,0,0,0,0,0,0,0,0,0,0,0,0,0,0,0,0,0,0,0,0,0,0,0,0,0,0,0,0,0,0,0,0,0,0,0,0,0,0,0,0,0,0,0,0,0,0,0,0,0,0,0,0,0,0,0,0,0,0,0,0,0,0,0,0,1,1,2,2,3,4,4,4,4,4,4,4,4,4,4,4,4,4,5,5,5,6,6,34,34,35,45,45,46,46,52,58,74,120,120,120,156,194,203,203,236,236,290,290,290,290,481,563,655,655,806,806,994,994,994,994,994,994,994,994,994,994,994,1317,1604,1604,1604,1670,1670,1693,1693,1693,1776,1813,1830,1864,1882,1892,1916,1930,1942,1942,1942,1942,1989,1989,2007,2021,2021,2021,2021,2021,2021,2021,2021,2021,2021,2021,2021,2148,2148,2153,2171,2191,2191,2200,2211,2211,2211,2239,2258,2258,2262,2305,2305,2322,2322,2322,2352,2429,2429,2437,2437,2450,2450,2463,2470,2470,2472,2477,2478,2482,2488,2489,2490,2490,2494,2494,2497,2497,2499,2504,2507,2510,2514,2518,2519,2519,2527,2527,2532,2533,2536,2544,2544,2545,2552,2555,2555,2568,2578,2578,2587,2592,2594,2599,2609,2642,2642,2649,2660,2664,2669,2676,2676,2686,2692,2700,2704,2704,2715,2715,2726,2726,2734,2748,2749,2761,2761,2777,2787,2798,2798,2807,2817,2817,2842,2847,2847,2870,2872,2876,2878,2883,2883,2890,2890,2903,2903,2905,2926,2926,2940,2943,2943,2943,2943,2943,2960,2960,2960,2960,2980,3003,3003,3012,3016,3016,3016,3016,3047,3047,3047,3047,3073,3092,3104,3104,3109,3109,3111,3118,3154,3154,3166,3181,3181],