{"cumulativeDeaths":[0,0,0,0,0,0,0,0,0,0,0,0,0,0,0,0,0,0,0,0,0,0,0,0,0,0,0,0,0,0,0,0,0,0,0,0,0,0,0,0,0,0,0,0,0,0,0,0,0,0,0,0,0,0,0,0,0,0,0,0,0,0,0,0,0,0,0,0,0,0,0,0,0,0,0,2,2,3,4,4,4,4,5,5,5,5,5,5,5,5,5,5,5,5,5,5,6,6,6,6,6,7,7,7,7,7,7,7,7,7,8,8,8,9,9,9,9,9,9,9,9,9,9,9,9,9,9,9,9,9,9,9,9,9,9,9,9,9,9,9,9,9,9,9,9,9,9,9,9,9,9,9,9,9,9,9,9,9,9,9,9,9,9,9,9,9,9,9,9,9,9,9,9,9,9,9,9,9,9,9,9,9,9,9,9,9,9,9,9,9,9,9,9,9,9,9,9,9,9,9,9,9,9,9,9,9,9,9,9,9,9,9,9,9,9,9,9,9,9,9,9,9,9,9,9,9,9,9,9,9,9,9,9,9,9,9,9,9,9,9,9,9,9,9,9,9,9,9,9,9,9,9,9,9,9,9,9,9,9,9,9,9,9,9,9,9,9,9,9,9,9,9,9,9,9,9,9,9,9,9,9,9,9,9,9,9,9,9,9,9,9,9,9,9,9,9,9,9,9,9,9,9,9,9,9,9,9,9,9,9,9,9,9,9,9,9,9,9,9,9,9,9,9,9,9,9],"cumulativeDeathsPerMillion":[0,0,0,0,0,0,0,0,0,0,0,0,0,0,0,0,0,0,0,0,0,0,0,0,0,0,0,0,0,0,0,0,0,0,0,0,0,0,0,0,0,0,0,0,0,0,0,0,0,0,0,0,0,0,0,0,0,0,0,0,0,0,0,0,0,0,0,0,0,0,0,0,0,0,0,32.11406917,32.11406917,48.17110376,64.22813835,64.22813835,64.22813835,64.22813835,80.28517293,80.28517293,80.28517293,80.28517293,80.28517293,80.28517293,80.28517293,80.28517293,80.28517293,80.28517293,80.28517293,80.28517293,80.28517293,80.28517293,96.34220752,96.34220752,96.34220752,96.34220752,96.34220752,112.39924211,112.39924211,112.39924211,112.39924211,112.39924211,112.39924211,112.39924211,112.39924211,112.39924211,128.45627669,128.45627669,128.45627669,144.51331128,144.51331128,144.51331128,144.51331128,144.51331128,144.51331128,144.51331128,144.51331128,144.51331128,144.51331128,144.51331128,144.51331128,144.51331128,144.51331128,144.51331128,144.51331128,144.51331128,144.51331128,144.51331128,144.51331128,144.51331128,144.51331128,144.51331128,144.51331128,144.51331128,144.51331128,144.51331128,144.51331128,144.51331128,144.51331128,144.51331128,144.51331128,144.51331128,144.51331128,144.51331128,144.51331128,144.51331128,144.51331128,144.51331128,144.51331128,144.51331128,144.51331128,144.51331128,144.51331128,144.51331128,144.51331128,144.51331128,144.51331128,144.51331128,144.51331128,144.51331128,144.51331128,144.51331128,144.51331128,144.51331128,144.51331128,144.51331128,144.51331128,144.51331128,144.51331128,144.51331128,144.51331128,144.51331128,144.51331128,144.51331128,144.51331128,144.51331128,144.51331128,144.51331128,144.51331128,144.51331128,144.51331128,144.51331128,144.51331128,144.51331128,144.51331128,144.51331128,144.51331128,144.51331128,144.51331128,144.51331128,144.51331128,144.51331128,144.51331128,144.51331128,144.51331128,144.51331128,144.51331128,144.51331128,144.51331128,144.51331128,144.51331128,144.51331128,144.51331128,144.51331128,144.51331128,144.51331128,144.51331128,144.51331128,144.51331128,144.51331128,144.51331128,144.51331128,144.51331128,144.51331128,144.51331128,144.51331128,144.51331128,144.51331128,144.51331128,144.51331128,144.51331128,144.51331128,144.51331128,144.51331128,144.51331128,144.51331128,144.51331128,144.51331128,144.51331128,144.51331128,144.51331128,144.51331128,144.51331128,144.51331128,144.51331128,144.51331128,144.51331128,144.51331128,144.51331128,144.51331128,144.51331128,144.51331128,144.51331128,144.51331128,144.51331128,144.51331128,144.51331128,144.51331128,144.51331128,144.51331128,144.51331128,144.51331128,144.51331128,144.51331128,144.51331128,144.51331128,144.51331128,144.51331128,144.51331128,144.51331128,144.51331128,144.51331128,144.51331128,144.51331128,144.51331128,144.51331128,144.51331128,144.51331128,144.51331128,144.51331128,144.51331128,144.51331128,144.51331128,144.51331128,144.51331128,144.51331128,144.51331128,144.51331128,144.51331128,144.51331128,144.51331128,144.51331128,144.51331128,144.51331128,144.51331128,144.51331128,144.51331128,144.51331128,144.51331128,144.51331128,144.51331128,144.51331128,144.51331128,144.51331128,144.51331128,144.51331128,144.51331128,144.51331128,144.51331128,144.51331128,144.51331128,144.51331128,144.51331128,144.51331128,144.51331128,144.51331128,144.51331128,144.51331128,144.51331128,144.51331128,144.51331128,144.51331128,144.51331128,144.51331128,144.51331128,144.51331128,144.51331128,144.51331128,144.51331128,144.51331128,144.51331128,144.51331128],"dailyDeaths":[0,0,0,0,0,0,0,0,0,0,0,0,0,0,0,0,0,0,0,0,0,0,0,0,0,0,0,0,0,0,0,0,0,0,0,0,0,0,0,0,0,0,0,0,0,0,0,0,0,0,0,0,0,0,0,0,0,0,0,0,0,0,0,0,0,0,0,0,0,0,0,0,0,0,0,2,0,1,1,0,0,0,1,0,0,0,0,0,0,0,0,0,0,0,0,0,1,0,0,0,0,1,0,0,0,0,0,0,0,0,1,0,0,1,0,0,0,0,0,0,0,0,0,0,0,0,0,0,0,0,0,0,0,0,0,0,0,0,0,0,0,0,0,0,0,0,0,0,0,0,0,0,0,0,0,0,0,0,0,0,0,0,0,0,0,0,0,0,0,0,0,0,0,0,0,0,0,0,0,0,0,0,0,0,0,0,0,0,0,0,0,0,0,0,0,0,0,0,0,0,0,0,0,0,0,0,0,0,0,0,0,0,0,0,0,0,0,0,0,0,0,0,0,0,0,0,0,0,0,0,0,0,0,0,0,0,0,0,0,0,0,0,0,0,0,0,0,0,0,0,0,0,0,0,0,0,0,0,0,0,0,0,0,0,0,0,0,0,0,0,0,0,0,0,0,0,0,0,0,0,0,0,0,0,0,0,0,0,0,0,0,0,0,0,0,0,0,0,0,0,0,0,0,0,0,0,0,0,0,0,0,0,0,0,0,0,0,0,0,0,0,0,0,0,0,0],"dailyDeathsPerMillion":[0,0,0,0,0,0,0,0,0,0,0,0,0,0,0,0,0,0,0,0,0,0,0,0,0,0,0,0,0,0,0,0,0,0,0,0,0,0,0,0,0,0,0,0,0,0,0,0,0,0,0,0,0,0,0,0,0,0,0,0,0,0,0,0,0,0,0,0,0,0,0,0,0,0,0,32.11406917,0,16.05703459,16.05703459,0,0,0,16.05703459,0,0,0,0,0,0,0,0,0,0,0,0,0,16.05703459,0,0,0,0,16.05703459,0,0,0,0,0,0,0,0,16.05703459,0,0,16.05703459,0,0,0,0,0,0,0,0,0,0,0,0,0,0,0,0,0,0,0,0,0,0,0,0,0,0,0,0,0,0,0,0,0,0,0,0,0,0,0,0,0,0,0,0,0,0,0,0,0,0,0,0,0,0,0,0,0,0,0,0,0,0,0,0,0,0,0,0,0,0,0,0,0,0,0,0,0,0,0,0,0,0,0,0,0,0,0,0,0,0,0,0,0,0,0,0,0,0,0,0,0,0,0,0,0,0,0,0,0,0,0,0,0,0,0,0,0,0,0,0,0,0,0,0,0,0,0,0,0,0,0,0,0,0,0,0,0,0,0,0,0,0,0,0,0,0,0,0,0,0,0,0,0,0,0,0,0,0,0,0,0,0,0,0,0,0,0,0,0,0,0,0,0,0,0,0,0,0,0,0,0,0,0,0,0,0,0,0,0,0,0,0,0,0,0,0,0,0,0,0,0,0,0,0,0,0,0,0,0,0,0,0],"cumulativeConfirmedCases":[0,0,0,0,0,0,0,0,0,0,0,0,0,0,0,0,0,0,0,0,0,0,0,0,0,0,0,0,0,0,0,0,0,0,0,0,0,0,0,0,0,0,0,0,0,0,0,0,0,0,0,0,0,0,0,0,0,2,2,2,6,6,6,7,15,17,17,22,27,32,32,35,35,35,37,39,39,39,48,48,48,57,57,57,81,81,83,83,86,86,86,99,99,99,109,109,110,110,111,114,114,114,115,115,115,118,118,118,118,118,119,121,121,122,122,123,123,125,125,125,125,128,128,133,133,139,139,140,140,140,140,141,141,141,141,141,141,141,141,141,141,141,141,142,142,144,144,144,144,146,146,146,146,146,146,146,146,146,146,146,146,146,146,146,146,146,146,148,149,149,150,150,150,150,150,150,152,152,153,153,153,153,153,153,153,153,153,154,156,156,156,156,156,157,157,157,157,157,157,157,158,158,159,159,159,159,162,162,166,166,166,166,167,167,167,168,168,168,168,168,169,169,172,172,172,174,175,175,175,175,175,177,177,177,177,177,177,177,178,178,178,180,180,180,180,181,181,181,181,181,181,181,181,181,181,181,181,181,181,181,182,184,184,184,184,185,185,185,185,185,185,185,188,188,188,190,190,190,193,194,194,198,199,199,199,206,206,206,207,207,209,209,214,214,214,220,222,222,222,223,223,224,226,227,227,227,227,227,239,241,242,247,251,260,262,267,272,278,288,288,306,330,340,364,391,391],