{"cumulativeDeaths":[0,0,0,0,0,0,0,0,0,0,0,0,0,0,0,0,0,0,0,0,0,0,0,0,0,0,0,0,0,0,0,0,0,0,0,0,0,0,0,0,0,0,0,0,0,0,0,0,0,0,0,0,0,0,0,0,0,0,0,0,0,0,0,0,0,0,0,0,0,0,0,0,0,0,1,2,3,3,3,4,4,4,4,4,5,5,5,5,5,5,5,5,6,6,6,6,6,6,7,7,7,7,7,7,7,7,7,7,7,7,7,7,7,7,7,7,7,7,7,7,7,7,7,7,7,7,7,7,7,7,7,7,7,7,7,7,7,7,7,7,7,7,7,7,7,7,7,7,7,7,7,7,7,7,7,7,7,7,7,7,7,7,7,7,7,7,7,7,7,7,7,7,7,7,7,7,7,7,7,7,7,7,7,7,7,7,7,7,7,7,7,7,7,7,7,7,7,7,7,7,7,7,7,7,7,7,7,7,7,7,7,7,7,7,7,7,7,7,7,7,7,7,7,7,7,7,7,7,7,7,7,7,7,7,7,7,7,7,7,7,7,7,7,7,7,7,7,7,7,7,7,7,7,7,7,7,7,7,7,7,7,7,7,7,7,7,7,7,7,7,7,7,7,7,7,7,7,7,7,7,7,7,7,7,7,7,7,7,7,7,7,7,7,7,7,7,7,7,7],"cumulativeDeathsPerMillion":[0,0,0,0,0,0,0,0,0,0,0,0,0,0,0,0,0,0,0,0,0,0,0,0,0,0,0,0,0,0,0,0,0,0,0,0,0,0,0,0,0,0,0,0,0,0,0,0,0,0,0,0,0,0,0,0,0,0,0,0,0,0,0,0,0,0,0,0,0,0,0,0,0,0,3.47977381,6.95954763,10.43932144,10.43932144,10.43932144,13.91909526,13.91909526,13.91909526,13.91909526,13.91909526,17.39886907,17.39886907,17.39886907,17.39886907,17.39886907,17.39886907,17.39886907,17.39886907,20.87864289,20.87864289,20.87864289,20.87864289,20.87864289,20.87864289,24.3584167,24.3584167,24.3584167,24.3584167,24.3584167,24.3584167,24.3584167,24.3584167,24.3584167,24.3584167,24.3584167,24.3584167,24.3584167,24.3584167,24.3584167,24.3584167,24.3584167,24.3584167,24.3584167,24.3584167,24.3584167,24.3584167,24.3584167,24.3584167,24.3584167,24.3584167,24.3584167,24.3584167,24.3584167,24.3584167,24.3584167,24.3584167,24.3584167,24.3584167,24.3584167,24.3584167,24.3584167,24.3584167,24.3584167,24.3584167,24.3584167,24.3584167,24.3584167,24.3584167,24.3584167,24.3584167,24.3584167,24.3584167,24.3584167,24.3584167,24.3584167,24.3584167,24.3584167,24.3584167,24.3584167,24.3584167,24.3584167,24.3584167,24.3584167,24.3584167,24.3584167,24.3584167,24.3584167,24.3584167,24.3584167,24.3584167,24.3584167,24.3584167,24.3584167,24.3584167,24.3584167,24.3584167,24.3584167,24.3584167,24.3584167,24.3584167,24.3584167,24.3584167,24.3584167,24.3584167,24.3584167,24.3584167,24.3584167,24.3584167,24.3584167,24.3584167,24.3584167,24.3584167,24.3584167,24.3584167,24.3584167,24.3584167,24.3584167,24.3584167,24.3584167,24.3584167,24.3584167,24.3584167,24.3584167,24.3584167,24.3584167,24.3584167,24.3584167,24.3584167,24.3584167,24.3584167,24.3584167,24.3584167,24.3584167,24.3584167,24.3584167,24.3584167,24.3584167,24.3584167,24.3584167,24.3584167,24.3584167,24.3584167,24.3584167,24.3584167,24.3584167,24.3584167,24.3584167,24.3584167,24.3584167,24.3584167,24.3584167,24.3584167,24.3584167,24.3584167,24.3584167,24.3584167,24.3584167,24.3584167,24.3584167,24.3584167,24.3584167,24.3584167,24.3584167,24.3584167,24.3584167,24.3584167,24.3584167,24.3584167,24.3584167,24.3584167,24.3584167,24.3584167,24.3584167,24.3584167,24.3584167,24.3584167,24.3584167,24.3584167,24.3584167,24.3584167,24.3584167,24.3584167,24.3584167,24.3584167,24.3584167,24.3584167,24.3584167,24.3584167,24.3584167,24.3584167,24.3584167,24.3584167,24.3584167,24.3584167,24.3584167,24.3584167,24.3584167,24.3584167,24.3584167,24.3584167,24.3584167,24.3584167,24.3584167,24.3584167,24.3584167,24.3584167,24.3584167,24.3584167,24.3584167,24.3584167,24.3584167,24.3584167,24.3584167,24.3584167,24.3584167,24.3584167,24.3584167,24.3584167,24.3584167,24.3584167,24.3584167,24.3584167,24.3584167,24.3584167,24.3584167],"dailyDeaths":[0,0,0,0,0,0,0,0,0,0,0,0,0,0,0,0,0,0,0,0,0,0,0,0,0,0,0,0,0,0,0,0,0,0,0,0,0,0,0,0,0,0,0,0,0,0,0,0,0,0,0,0,0,0,0,0,0,0,0,0,0,0,0,0,0,0,0,0,0,0,0,0,0,0,1,1,1,0,0,1,0,0,0,0,1,0,0,0,0,0,0,0,1,0,0,0,0,0,1,0,0,0,0,0,0,0,0,0,0,0,0,0,0,0,0,0,0,0,0,0,0,0,0,0,0,0,0,0,0,0,0,0,0,0,0,0,0,0,0,0,0,0,0,0,0,0,0,0,0,0,0,0,0,0,0,0,0,0,0,0,0,0,0,0,0,0,0,0,0,0,0,0,0,0,0,0,0,0,0,0,0,0,0,0,0,0,0,0,0,0,0,0,0,0,0,0,0,0,0,0,0,0,0,0,0,0,0,0,0,0,0,0,0,0,0,0,0,0,0,0,0,0,0,0,0,0,0,0,0,0,0,0,0,0,0,0,0,0,0,0,0,0,0,0,0,0,0,0,0,0,0,0,0,0,0,0,0,0,0,0,0,0,0,0,0,0,0,0,0,0,0,0,0,0,0,0,0,0,0,0,0,0,0,0,0,0,0,0,0,0,0,0,0,0,0,0,0,0,0],"dailyDeathsPerMillion":[0,0,0,0,0,0,0,0,0,0,0,0,0,0,0,0,0,0,0,0,0,0,0,0,0,0,0,0,0,0,0,0,0,0,0,0,0,0,0,0,0,0,0,0,0,0,0,0,0,0,0,0,0,0,0,0,0,0,0,0,0,0,0,0,0,0,0,0,0,0,0,0,0,0,3.47977381,3.47977381,3.47977381,0,0,3.47977381,0,0,0,0,3.47977381,0,0,0,0,0,0,0,3.47977381,0,0,0,0,0,3.47977381,0,0,0,0,0,0,0,0,0,0,0,0,0,0,0,0,0,0,0,0,0,0,0,0,0,0,0,0,0,0,0,0,0,0,0,0,0,0,0,0,0,0,0,0,0,0,0,0,0,0,0,0,0,0,0,0,0,0,0,0,0,0,0,0,0,0,0,0,0,0,0,0,0,0,0,0,0,0,0,0,0,0,0,0,0,0,0,0,0,0,0,0,0,0,0,0,0,0,0,0,0,0,0,0,0,0,0,0,0,0,0,0,0,0,0,0,0,0,0,0,0,0,0,0,0,0,0,0,0,0,0,0,0,0,0,0,0,0,0,0,0,0,0,0,0,0,0,0,0,0,0,0,0,0,0,0,0,0,0,0,0,0,0,0,0,0,0,0,0,0,0,0,0,0,0,0,0,0,0,0,0,0,0,0,0,0,0,0,0,0,0,0,0,0,0,0,0,0,0,0],"cumulativeConfirmedCases":[0,0,0,0,0,0,0,0,0,0,0,0,0,0,0,0,0,0,0,0,0,0,0,0,0,0,0,0,0,0,0,0,0,0,0,0,0,0,0,0,0,0,0,0,0,0,0,0,0,0,0,0,0,0,0,2,2,5,5,6,14,17,18,18,18,24,26,33,33,34,34,46,51,52,56,60,63,63,66,67,68,71,72,72,73,75,75,75,75,75,75,75,76,77,79,79,80,80,80,81,81,81,82,82,82,82,82,83,84,84,84,85,85,85,85,86,88,88,90,90,90,90,92,92,92,92,92,92,92,92,92,92,92,92,92,92,92,92,92,92,96,96,96,96,96,97,97,97,97,97,97,97,97,97,97,97,97,97,97,97,97,97,97,97,97,98,98,98,98,98,98,103,103,103,103,104,104,104,104,105,106,106,106,106,108,108,110,110,110,110,110,110,122,132,132,132,133,133,138,138,142,142,143,144,144,148,150,151,152,153,155,156,157,158,161,161,164,165,165,166,170,173,174,176,176,177,178,178,178,179,180,180,180,180,180,181,183,184,185,185,185,185,189,189,189,189,189,190,190,190,190,190,190,193,193,196,199,200,200,203,203,204,206,208,208,210,215,218,219,219,221,222,222,222,224,226,227,227,233,233,234,234,236,237,237,238,238,239,239,242,242,242,243,243,249,249,249,249,250],