{"cumulativeDeaths":[0,0,0,0,0,0,0,0,0,0,0,0,0,0,0,0,0,0,0,0,0,0,0,0,0,0,0,0,0,0,0,0,0,0,0,0,0,0,0,0,0,0,0,0,0,0,0,0,0,0,0,0,0,0,0,0,0,0,0,0,0,0,0,0,0,0,1,1,1,1,1,1,1,1,1,1,1,1,1,1,1,1,1,1,1,1,1,1,1,1,1,1,1,1,1,1,1,1,1,1,1,1,1,1,1,1,1,1,1,1,1,1,1,1,1,1,1,1,1,1,1,1,1,1,1,1,2,2,2,2,2,2,2,2,2,2,2,2,2,2,2,2,2,2,2,2,3,3,3,3,3,3,3,3,3,3,3,3,3,3,3,3,3,3,3,3,3,3,3,3,3,3,3,3,3,3,3,3,3,3,3,3,3,3,3,3,3,3,3,3,3,3,3,3,3,3,3,3,3,3,3,3,3,3,3,3,3,3,3,3,3,3,3,3,3,3,3,3,3,3,3,3,3,3,3,3,3,3,3,3,3,3,3,3,3,3,3,3,3,3,3,3,3,3,3,3,3,3,3,3,3,3,3,3,3,3,3,3,3,3,3,3,3,3,3,3,3,3,3,3,3,3,3,3,3,3,3,3,3,3,3,3,3,3,3,3,3,3,3,3,3,3,3,3,3,3,3,3,3],"cumulativeDeathsPerMillion":[0,0,0,0,0,0,0,0,0,0,0,0,0,0,0,0,0,0,0,0,0,0,0,0,0,0,0,0,0,0,0,0,0,0,0,0,0,0,0,0,0,0,0,0,0,0,0,0,0,0,0,0,0,0,0,0,0,0,0,0,0,0,0,0,0,0,2.33120883,2.33120883,2.33120883,2.33120883,2.33120883,2.33120883,2.33120883,2.33120883,2.33120883,2.33120883,2.33120883,2.33120883,2.33120883,2.33120883,2.33120883,2.33120883,2.33120883,2.33120883,2.33120883,2.33120883,2.33120883,2.33120883,2.33120883,2.33120883,2.33120883,2.33120883,2.33120883,2.33120883,2.33120883,2.33120883,2.33120883,2.33120883,2.33120883,2.33120883,2.33120883,2.33120883,2.33120883,2.33120883,2.33120883,2.33120883,2.33120883,2.33120883,2.33120883,2.33120883,2.33120883,2.33120883,2.33120883,2.33120883,2.33120883,2.33120883,2.33120883,2.33120883,2.33120883,2.33120883,2.33120883,2.33120883,2.33120883,2.33120883,2.33120883,2.33120883,4.66241765,4.66241765,4.66241765,4.66241765,4.66241765,4.66241765,4.66241765,4.66241765,4.66241765,4.66241765,4.66241765,4.66241765,4.66241765,4.66241765,4.66241765,4.66241765,4.66241765,4.66241765,4.66241765,4.66241765,6.99362648,6.99362648,6.99362648,6.99362648,6.99362648,6.99362648,6.99362648,6.99362648,6.99362648,6.99362648,6.99362648,6.99362648,6.99362648,6.99362648,6.99362648,6.99362648,6.99362648,6.99362648,6.99362648,6.99362648,6.99362648,6.99362648,6.99362648,6.99362648,6.99362648,6.99362648,6.99362648,6.99362648,6.99362648,6.99362648,6.99362648,6.99362648,6.99362648,6.99362648,6.99362648,6.99362648,6.99362648,6.99362648,6.99362648,6.99362648,6.99362648,6.99362648,6.99362648,6.99362648,6.99362648,6.99362648,6.99362648,6.99362648,6.99362648,6.99362648,6.99362648,6.99362648,6.99362648,6.99362648,6.99362648,6.99362648,6.99362648,6.99362648,6.99362648,6.99362648,6.99362648,6.99362648,6.99362648,6.99362648,6.99362648,6.99362648,6.99362648,6.99362648,6.99362648,6.99362648,6.99362648,6.99362648,6.99362648,6.99362648,6.99362648,6.99362648,6.99362648,6.99362648,6.99362648,6.99362648,6.99362648,6.99362648,6.99362648,6.99362648,6.99362648,6.99362648,6.99362648,6.99362648,6.99362648,6.99362648,6.99362648,6.99362648,6.99362648,6.99362648,6.99362648,6.99362648,6.99362648,6.99362648,6.99362648,6.99362648,6.99362648,6.99362648,6.99362648,6.99362648,6.99362648,6.99362648,6.99362648,6.99362648,6.99362648,6.99362648,6.99362648,6.99362648,6.99362648,6.99362648,6.99362648,6.99362648,6.99362648,6.99362648,6.99362648,6.99362648,6.99362648,6.99362648,6.99362648,6.99362648,6.99362648,6.99362648,6.99362648,6.99362648,6.99362648,6.99362648,6.99362648,6.99362648,6.99362648,6.99362648,6.99362648,6.99362648,6.99362648,6.99362648,6.99362648,6.99362648,6.99362648,6.99362648,6.99362648,6.99362648,6.99362648,6.99362648,6.99362648,6.99362648,6.99362648,6.99362648,6.99362648,6.99362648,6.99362648],"dailyDeaths":[0,0,0,0,0,0,0,0,0,0,0,0,0,0,0,0,0,0,0,0,0,0,0,0,0,0,0,0,0,0,0,0,0,0,0,0,0,0,0,0,0,0,0,0,0,0,0,0,0,0,0,0,0,0,0,0,0,0,0,0,0,0,0,0,0,0,1,0,0,0,0,0,0,0,0,0,0,0,0,0,0,0,0,0,0,0,0,0,0,0,0,0,0,0,0,0,0,0,0,0,0,0,0,0,0,0,0,0,0,0,0,0,0,0,0,0,0,0,0,0,0,0,0,0,0,0,1,0,0,0,0,0,0,0,0,0,0,0,0,0,0,0,0,0,0,0,1,0,0,0,0,0,0,0,0,0,0,0,0,0,0,0,0,0,0,0,0,0,0,0,0,0,0,0,0,0,0,0,0,0,0,0,0,0,0,0,0,0,0,0,0,0,0,0,0,0,0,0,0,0,0,0,0,0,0,0,0,0,0,0,0,0,0,0,0,0,0,0,0,0,0,0,0,0,0,0,0,0,0,0,0,0,0,0,0,0,0,0,0,0,0,0,0,0,0,0,0,0,0,0,0,0,0,0,0,0,0,0,0,0,0,0,0,0,0,0,0,0,0,0,0,0,0,0,0,0,0,0,0,0,0,0,0,0,0,0,0,0,0,0,0,0,0,0,0,0,0,0,0],"dailyDeathsPerMillion":[0,0,0,0,0,0,0,0,0,0,0,0,0,0,0,0,0,0,0,0,0,0,0,0,0,0,0,0,0,0,0,0,0,0,0,0,0,0,0,0,0,0,0,0,0,0,0,0,0,0,0,0,0,0,0,0,0,0,0,0,0,0,0,0,0,0,2.33120883,0,0,0,0,0,0,0,0,0,0,0,0,0,0,0,0,0,0,0,0,0,0,0,0,0,0,0,0,0,0,0,0,0,0,0,0,0,0,0,0,0,0,0,0,0,0,0,0,0,0,0,0,0,0,0,0,0,0,0,2.33120883,0,0,0,0,0,0,0,0,0,0,0,0,0,0,0,0,0,0,0,2.33120883,0,0,0,0,0,0,0,0,0,0,0,0,0,0,0,0,0,0,0,0,0,0,0,0,0,0,0,0,0,0,0,0,0,0,0,0,0,0,0,0,0,0,0,0,0,0,0,0,0,0,0,0,0,0,0,0,0,0,0,0,0,0,0,0,0,0,0,0,0,0,0,0,0,0,0,0,0,0,0,0,0,0,0,0,0,0,0,0,0,0,0,0,0,0,0,0,0,0,0,0,0,0,0,0,0,0,0,0,0,0,0,0,0,0,0,0,0,0,0,0,0,0,0,0,0,0,0,0,0,0,0,0,0,0,0,0,0,0,0,0,0,0,0,0,0,0,0,0,0,0,0,0],"cumulativeConfirmedCases":[0,0,0,0,0,0,0,0,0,0,0,0,0,0,0,0,0,0,0,0,0,0,0,0,0,0,0,0,0,0,0,0,0,0,0,0,0,0,0,0,0,0,0,0,0,0,0,1,1,11,11,37,40,50,54,56,68,75,78,83,88,91,104,109,114,115,120,126,127,129,131,133,134,135,135,135,135,135,135,136,136,136,136,136,136,136,136,137,138,138,138,138,138,138,138,138,138,138,138,138,138,138,138,138,138,139,141,141,141,141,141,141,141,141,141,141,141,141,141,141,141,141,141,141,141,141,141,141,141,141,141,141,141,141,141,141,141,141,141,141,141,141,141,141,141,141,141,141,141,141,141,141,141,141,141,141,141,141,141,141,141,141,141,141,141,141,141,141,141,141,141,141,141,141,141,141,141,141,141,141,141,141,141,141,141,141,141,141,141,141,141,141,141,141,141,141,141,141,142,142,142,142,142,142,142,142,142,142,142,142,143,143,143,143,143,143,144,144,144,144,144,144,144,144,144,145,145,145,145,145,145,145,145,145,145,145,145,145,145,145,145,145,145,145,145,145,146,146,146,146,146,146,146,146,146,146,146,146,146,146,146,146,146,146,146,146,147,147,147,147,147,147,147,147,148,148,148,148,148,148,148,148,148,148,148,148,148,148,148,148,148,148,148,148,148,148,148,148,148],