{"cumulativeDeaths":[0,0,0,0,0,0,0,0,0,0,0,0,0,0,0,0,0,0,0,0,0,0,0,0,0,0,0,0,0,0,0,0,0,0,0,0,0,0,0,0,0,0,0,0,0,0,0,0,0,0,0,0,0,0,0,0,0,0,0,0,0,0,0,0,0,0,0,1,1,1,1,1,1,1,1,1,1,1,1,1,1,1,1,1,1,1,1,1,1,1,1,1,1,1,1,1,1,1,1,1,1,1,1,1,1,1,1,1,1,1,1,1,1,1,1,1,1,1,1,1,1,1,1,1,1,1,1,1,1,1,1,1,1,1,1,1,1,1,1,1,1,1,1,1,1,1,1,1,1,1,1,1,1,1,1,1,1,1,1,1,1,1,1,1,1,1,1,1,1,1,1,1,1,1,1,1,1,1,1,1,1,1,1,1,1,1,1,1,1,1,1,1,1,1,1,1,1,1,1,1,1,1,1,1,1,1,1,1,1,1,1,1,1,1,1,1,1,1,1,1,1,1,1,1,1,1,1,1,1,1,1,1,1,1,1,1,1,1,1,1,1,1,1,1,1,1,1,2,2,2,2,2,2,2,2,2,2,2,2,2,2,2,2,2,2,2,2,2,2,2,2,2,2,2,2,2,2,2,2,2,2,2,2,2,2,2,2,2,2,2,2,2,2,2,2,2,2,2,2,2,3,3],"cumulativeDeathsPerMillion":[0,0,0,0,0,0,0,0,0,0,0,0,0,0,0,0,0,0,0,0,0,0,0,0,0,0,0,0,0,0,0,0,0,0,0,0,0,0,0,0,0,0,0,0,0,0,0,0,0,0,0,0,0,0,0,0,0,0,0,0,0,0,0,0,0,0,0,25.48290097,25.48290097,25.48290097,25.48290097,25.48290097,25.48290097,25.48290097,25.48290097,25.48290097,25.48290097,25.48290097,25.48290097,25.48290097,25.48290097,25.48290097,25.48290097,25.48290097,76.44870292,76.44870292,76.44870292,76.44870292,76.44870292,76.44870292,76.44870292,76.44870292,101.93160389,101.93160389,101.93160389,101.93160389,101.93160389,101.93160389,101.93160389,101.93160389,101.93160389,101.93160389,101.93160389,101.93160389,101.93160389,101.93160389,101.93160389,101.93160389,101.93160389,101.93160389,101.93160389,101.93160389,101.93160389,101.93160389,101.93160389,101.93160389,101.93160389,101.93160389,101.93160389,101.93160389,101.93160389,101.93160389,101.93160389,101.93160389,101.93160389,101.93160389,101.93160389,101.93160389,101.93160389,101.93160389,101.93160389,101.93160389,101.93160389,101.93160389,101.93160389,101.93160389,101.93160389,101.93160389,101.93160389,101.93160389,101.93160389,101.93160389,101.93160389,101.93160389,101.93160389,101.93160389,101.93160389,101.93160389,101.93160389,101.93160389,101.93160389,101.93160389,101.93160389,101.93160389,101.93160389,101.93160389,101.93160389,101.93160389,101.93160389,101.93160389,101.93160389,101.93160389,101.93160389,101.93160389,101.93160389,101.93160389,101.93160389,101.93160389,101.93160389,101.93160389,101.93160389,101.93160389,101.93160389,101.93160389,101.93160389,101.93160389,101.93160389,101.93160389,101.93160389,101.93160389,101.93160389,101.93160389,101.93160389,101.93160389,101.93160389,101.93160389,101.93160389,101.93160389,101.93160389,101.93160389,101.93160389,101.93160389,101.93160389,101.93160389,101.93160389,101.93160389,101.93160389,101.93160389,101.93160389,101.93160389,101.93160389,101.93160389,101.93160389,101.93160389,101.93160389,101.93160389,101.93160389,101.93160389,101.93160389,101.93160389,101.93160389,101.93160389,101.93160389,101.93160389,101.93160389,101.93160389,101.93160389,101.93160389,101.93160389,101.93160389,101.93160389,101.93160389,101.93160389,101.93160389,25.48290097,25.48290097,25.48290097,25.48290097,25.48290097,25.48290097,25.48290097,25.48290097,25.48290097,25.48290097,25.48290097,25.48290097,25.48290097,25.48290097,25.48290097,25.48290097,25.48290097,25.48290097,25.48290097,25.48290097,25.48290097,25.48290097,25.48290097,50.96580195,50.96580195,50.96580195,50.96580195,50.96580195,50.96580195,50.96580195,50.96580195,50.96580195,50.96580195,50.96580195,50.96580195,50.96580195,50.96580195,50.96580195,50.96580195,50.96580195,50.96580195,50.96580195,50.96580195,50.96580195,50.96580195,50.96580195,50.96580195,50.96580195,50.96580195,50.96580195,50.96580195,50.96580195,50.96580195,50.96580195,50.96580195,50.96580195,50.96580195,50.96580195,50.96580195,50.96580195,50.96580195,50.96580195,50.96580195,50.96580195,50.96580195,50.96580195,50.96580195,50.96580195,50.96580195,50.96580195,50.96580195,50.96580195,50.96580195,50.96580195,50.96580195,50.96580195,76.44870292,76.44870292],"dailyDeaths":[0,0,0,0,0,0,0,0,0,0,0,0,0,0,0,0,0,0,0,0,0,0,0,0,0,0,0,0,0,0,0,0,0,0,0,0,0,0,0,0,0,0,0,0,0,0,0,0,0,0,0,0,0,0,0,0,0,0,0,0,0,0,0,0,0,0,0,1,0,0,0,0,0,0,0,0,0,0,0,0,0,0,0,0,0,0,0,0,0,0,0,0,0,0,0,0,0,0,0,0,0,0,0,0,0,0,0,0,0,0,0,0,0,0,0,0,0,0,0,0,0,0,0,0,0,0,0,0,0,0,0,0,0,0,0,0,0,0,0,0,0,0,0,0,0,0,0,0,0,0,0,0,0,0,0,0,0,0,0,0,0,0,0,0,0,0,0,0,0,0,0,0,0,0,0,0,0,0,0,0,0,0,0,0,0,0,0,0,0,0,0,0,0,0,0,0,0,0,0,0,0,0,0,0,0,0,0,0,0,0,0,0,0,0,0,0,0,0,0,0,0,0,0,0,0,0,0,0,0,0,0,0,0,0,0,0,0,0,0,0,0,0,0,0,0,0,0,1,0,0,0,0,0,0,0,0,0,0,0,0,0,0,0,0,0,0,0,0,0,0,0,0,0,0,0,0,0,0,0,0,0,0,0,0,0,0,0,0,0,0,0,0,0,0,0,0,0,0,0,0,1,0],"dailyDeathsPerMillion":[0,0,0,0,0,0,0,0,0,0,0,0,0,0,0,0,0,0,0,0,0,0,0,0,0,0,0,0,0,0,0,0,0,0,0,0,0,0,0,0,0,0,0,0,0,0,0,0,0,0,0,0,0,0,0,0,0,0,0,0,0,0,0,0,0,0,0,25.48290097,0,0,0,0,0,0,0,0,0,0,0,0,0,0,0,0,0,0,0,0,0,0,0,0,0,0,0,0,0,0,0,0,0,0,0,0,0,0,0,0,0,0,0,0,0,0,0,0,0,0,0,0,0,0,0,0,0,0,0,0,0,0,0,0,0,0,0,0,0,0,0,0,0,0,0,0,0,0,0,0,0,0,0,0,0,0,0,0,0,0,0,0,0,0,0,0,0,0,0,0,0,0,0,0,0,0,0,0,0,0,0,0,0,0,0,0,0,0,0,0,0,0,0,0,0,0,0,0,0,0,0,0,0,0,0,0,0,0,0,0,0,0,0,0,0,0,0,0,0,0,0,0,0,0,0,0,0,0,0,0,0,0,0,0,0,0,0,0,0,0,0,0,0,0,0,0,0,0,0,25.48290097,0,0,0,0,0,0,0,0,0,0,0,0,0,0,0,0,0,0,0,0,0,0,0,0,0,0,0,0,0,0,0,0,0,0,0,0,0,0,0,0,0,0,0,0,0,0,0,0,0,0,0,0,25.48290097,0],"cumulativeConfirmedCases":[0,0,0,0,0,0,0,0,0,0,0,0,0,0,0,0,0,0,0,0,0,0,0,0,0,0,0,0,0,0,0,0,0,0,0,0,0,0,1,1,1,1,1,1,1,1,1,1,1,1,2,2,2,2,7,7,7,7,11,11,23,23,23,31,33,42,42,46,49,52,55,60,64,66,73,77,79,81,84,90,92,93,93,93,93,93,94,94,94,94,94,94,94,94,94,94,95,95,95,95,95,95,95,95,95,95,95,95,96,96,96,96,96,96,96,96,96,97,97,97,97,97,98,98,98,98,98,98,98,99,99,99,99,99,99,99,99,99,99,99,99,99,99,99,99,99,99,99,99,99,99,100,101,101,102,102,102,103,103,103,103,103,106,106,106,108,108,108,108,108,108,109,109,109,109,109,109,109,109,109,109,111,112,114,116,116,116,116,117,120,120,120,120,120,121,123,125,125,128,131,133,133,138,141,142,142,142,142,142,142,142,142,142,142,142,142,142,142,142,142,142,142,142,142,142,143,147,147,147,153,156,161,165,168,169,171,177,178,181,186,191,192,193,195,197,199,205,208,210,210,212,214,218,219,221,222,222,223,224,227,229,233,233,234,236,241,248,253,255,260,265,268,271,273,281,295,296,306,310,320,337,347,355,359,366,375,397,412,430,454,483,486,490,512,524,532,540,545,548,552,557,565],