{"cumulativeDeaths":[0,0,0,0,0,0,0,0,0,0,0,0,0,0,0,0,0,0,0,0,0,0,0,0,0,0,0,0,0,0,0,0,0,0,0,0,0,0,0,0,0,0,0,0,0,0,0,0,0,0,0,0,0,0,0,0,0,1,1,1,1,1,1,1,1,1,1,1,1,1,1,1,1,1,1,1,1,1,1,1,1,1,1,1,1,1,1,1,1,1,1,1,1,1,1,1,1,1,1,1,1,1,1,1,1,1,1,1,1,1,1,1,1,1,1,1,1,1,1,1,1,1,1,1,1,1,1,1,1,1,1,1,1,1,1,1,1,1,1,1,1,1,1,1,1,1,1,1,1,1,1,1,1,1,1,1,1,1,1,1,1,1,1,1,1,1,1,1,1,1,1,1,1,1,1,1,1,1,1,1,1,1,1,1,1,1,1,1,1,1,1,1,1,1,1,1,1,1,1,1,1,1,1,1,1,1,1,1,1,1,1,1,1,1,1,1,1,1,1,1,1,1,1,1,1,1,1,1,1,1,1,1,1,1,1,1,1,1,1,1,1,1,1,1,1,1,1,1,1,1,1,1,1,1,1,1,1,1,1,1,1,1,1,1,1,1,1,1,1,1,1,1,1,1,1,1,1,1,1,1,1,1,1,1,1,1,1,2,2,2,2,2,2,2,2,2,2,2,2,2,2,2],"cumulativeDeathsPerMillion":[0,0,0,0,0,0,0,0,0,0,0,0,0,0,0,0,0,0,0,0,0,0,0,0,0,0,0,0,0,0,0,0,0,0,0,0,0,0,0,0,0,0,0,0,0,0,0,0,0,0,0,0,0,0,0,0,0,6.09410517,6.09410517,6.09410517,6.09410517,6.09410517,6.09410517,6.09410517,6.09410517,6.09410517,6.09410517,6.09410517,6.09410517,6.09410517,6.09410517,6.09410517,6.09410517,6.09410517,6.09410517,6.09410517,6.09410517,6.09410517,6.09410517,6.09410517,6.09410517,6.09410517,6.09410517,6.09410517,6.09410517,6.09410517,6.09410517,6.09410517,6.09410517,6.09410517,6.09410517,6.09410517,6.09410517,6.09410517,6.09410517,6.09410517,6.09410517,6.09410517,6.09410517,6.09410517,6.09410517,6.09410517,6.09410517,6.09410517,6.09410517,6.09410517,6.09410517,6.09410517,6.09410517,6.09410517,6.09410517,6.09410517,6.09410517,6.09410517,6.09410517,6.09410517,6.09410517,6.09410517,6.09410517,6.09410517,6.09410517,6.09410517,6.09410517,6.09410517,6.09410517,6.09410517,6.09410517,6.09410517,6.09410517,6.09410517,6.09410517,6.09410517,6.09410517,6.09410517,6.09410517,6.09410517,6.09410517,6.09410517,6.09410517,6.09410517,6.09410517,6.09410517,6.09410517,6.09410517,6.09410517,6.09410517,6.09410517,6.09410517,6.09410517,6.09410517,6.09410517,6.09410517,6.09410517,6.09410517,6.09410517,6.09410517,6.09410517,6.09410517,6.09410517,6.09410517,6.09410517,6.09410517,6.09410517,6.09410517,6.09410517,6.09410517,6.09410517,6.09410517,6.09410517,6.09410517,6.09410517,6.09410517,6.09410517,6.09410517,6.09410517,6.09410517,6.09410517,6.09410517,6.09410517,6.09410517,6.09410517,6.09410517,6.09410517,6.09410517,6.09410517,6.09410517,6.09410517,6.09410517,6.09410517,6.09410517,6.09410517,6.09410517,6.09410517,6.09410517,6.09410517,6.09410517,6.09410517,6.09410517,6.09410517,6.09410517,6.09410517,6.09410517,6.09410517,6.09410517,6.09410517,6.09410517,6.09410517,6.09410517,6.09410517,6.09410517,6.09410517,6.09410517,6.09410517,6.09410517,6.09410517,6.09410517,6.09410517,6.09410517,6.09410517,6.09410517,6.09410517,6.09410517,6.09410517,6.09410517,6.09410517,6.09410517,6.09410517,6.09410517,6.09410517,6.09410517,6.09410517,6.09410517,6.09410517,6.09410517,6.09410517,6.09410517,6.09410517,6.09410517,6.09410517,6.09410517,6.09410517,6.09410517,6.09410517,6.09410517,6.09410517,6.09410517,6.09410517,6.09410517,6.09410517,6.09410517,6.09410517,6.09410517,6.09410517,6.09410517,6.09410517,6.09410517,6.09410517,6.09410517,6.09410517,6.09410517,6.09410517,6.09410517,6.09410517,6.09410517,6.09410517,6.09410517,6.09410517,6.09410517,6.09410517,6.09410517,6.09410517,6.09410517,6.09410517,6.09410517,6.09410517,6.09410517,6.09410517,6.09410517,6.09410517,6.09410517,6.09410517,6.09410517,6.09410517,6.09410517,6.09410517,6.09410517,6.09410517,12.18821034,12.18821034,12.18821034,12.18821034,12.18821034,12.18821034,12.18821034,12.18821034,12.18821034,12.18821034,12.18821034,12.18821034,12.18821034,12.18821034,12.18821034],"dailyDeaths":[0,0,0,0,0,0,0,0,0,0,0,0,0,0,0,0,0,0,0,0,0,0,0,0,0,0,0,0,0,0,0,0,0,0,0,0,0,0,0,0,0,0,0,0,0,0,0,0,0,0,0,0,0,0,0,0,0,1,0,0,0,0,0,0,0,0,0,0,0,0,0,0,0,0,0,0,0,0,0,0,0,0,0,0,0,0,0,0,0,0,0,0,0,0,0,0,0,0,0,0,0,0,0,0,0,0,0,0,0,0,0,0,0,0,0,0,0,0,0,0,0,0,0,0,0,0,0,0,0,0,0,0,0,0,0,0,0,0,0,0,0,0,0,0,0,0,0,0,0,0,0,0,0,0,0,0,0,0,0,0,0,0,0,0,0,0,0,0,0,0,0,0,0,0,0,0,0,0,0,0,0,0,0,0,0,0,0,0,0,0,0,0,0,0,0,0,0,0,0,0,0,0,0,0,0,0,0,0,0,0,0,0,0,0,0,0,0,0,0,0,0,0,0,0,0,0,0,0,0,0,0,0,0,0,0,0,0,0,0,0,0,0,0,0,0,0,0,0,0,0,0,0,0,0,0,0,0,0,0,0,0,0,0,0,0,0,0,0,0,0,0,0,0,0,0,0,0,0,0,0,0,0,0,0,0,0,0,1,0,0,0,0,0,0,0,0,0,0,0,0,0,0],"dailyDeathsPerMillion":[0,0,0,0,0,0,0,0,0,0,0,0,0,0,0,0,0,0,0,0,0,0,0,0,0,0,0,0,0,0,0,0,0,0,0,0,0,0,0,0,0,0,0,0,0,0,0,0,0,0,0,0,0,0,0,0,0,6.09410517,0,0,0,0,0,0,0,0,0,0,0,0,0,0,0,0,0,0,0,0,0,0,0,0,0,0,0,0,0,0,0,0,0,0,0,0,0,0,0,0,0,0,0,0,0,0,0,0,0,0,0,0,0,0,0,0,0,0,0,0,0,0,0,0,0,0,0,0,0,0,0,0,0,0,0,0,0,0,0,0,0,0,0,0,0,0,0,0,0,0,0,0,0,0,0,0,0,0,0,0,0,0,0,0,0,0,0,0,0,0,0,0,0,0,0,0,0,0,0,0,0,0,0,0,0,0,0,0,0,0,0,0,0,0,0,0,0,0,0,0,0,0,0,0,0,0,0,0,0,0,0,0,0,0,0,0,0,0,0,0,0,0,0,0,0,0,0,0,0,0,0,0,0,0,0,0,0,0,0,0,0,0,0,0,0,0,0,0,0,0,0,0,0,0,0,0,0,0,0,0,0,0,0,0,0,0,0,0,0,0,0,0,0,0,0,0,0,0,0,0,0,0,0,0,0,0,0,0,0,6.09410517,0,0,0,0,0,0,0,0,0,0,0,0,0,0],"cumulativeConfirmedCases":[0,0,0,0,0,0,0,0,0,0,0,0,0,0,0,0,0,0,0,0,0,0,0,0,0,0,0,0,0,0,0,0,0,0,0,0,0,0,0,0,0,0,0,0,0,0,0,0,0,0,0,0,1,1,1,3,3,3,3,3,3,4,6,6,6,8,8,8,11,11,11,11,11,11,11,13,13,14,14,14,14,14,14,14,14,14,14,14,14,14,14,14,14,16,16,16,16,16,16,16,16,16,16,16,16,16,16,16,16,16,16,16,16,16,16,16,16,16,16,16,16,16,17,17,18,18,18,18,18,19,19,19,20,21,21,21,21,21,21,21,22,22,22,22,22,22,23,23,23,23,23,23,23,23,23,23,23,23,23,23,23,23,23,23,23,23,23,23,23,25,25,25,25,25,25,26,26,28,28,28,28,28,28,28,29,29,29,29,29,29,29,29,29,29,29,29,29,31,31,31,31,32,32,32,32,32,33,34,36,36,36,36,37,39,39,47,49,53,55,62,62,67,68,71,75,78,78,88,92,102,107,116,131,135,145,157,161,169,192,210,228,247,268,282,291,301,315,329,337,360,364,370,392,399,411,429,452,462,476,505,532,549,571,583,585,619,645,673,698,715,744,751,759,785,804,818,837,858,873,884,907,944,958,970,987,995,1000,1021,1030,1053,1077,1097,1102,1131,1182,1215,1261,1307,1340,1374,1415,1482],