{"cumulativeDeaths":[0,0,0,0,0,0,0,0,0,0,0,0,0,0,0,0,0,0,0,0,0,0,0,0,0,0,0,0,0,0,0,0,0,0,0,0,0,0,0,0,0,0,0,0,0,0,0,0,0,0,0,0,0,0,0,0,0,0,0,0,0,0,0,1,1,1,1,1,3,3,5,5,5,8,10,10,11,11,11,11,11,12,12,14,14,14,18,19,20,20,20,22,24,24,27,29,29,31,32,32,33,35,36,37,38,38,42,44,45,46,46,47,49,50,51,51,54,55,55,58,60,60,61,61,62,63,63,64,64,64,64,65,65,65,65,65,65,65,65,65,65,65,65,66,66,66,66,67,67,67,67,67,67,67,67,67,67,67,67,67,67,67,68,68,68,68,68,68,68,68,68,68,68,68,68,69,69,69,69,69,69,69,69,69,69,69,69,69,69,69,69,69,69,69,69,69,69,69,69,69,69,69,69,69,69,69,69,69,69,69,69,69,69,69,69,69,69,69,69,69,69,69,69,69,69,69,69,69,69,69,69,69,69,69,69,69,69,69,69,69,69,69,69,69,69,69,69,69,69,69,69,69,69,69,69,69,69,69,69,69,69,69,69,69,69,69,69,69,69,69,69,69,69,69,69,69,69,69,69,69,69,69,69,69,69,69,69,69,69,69,69,69,69,69,69,69,69,70,70,70,70,70,70,70,70,70],"cumulativeDeathsPerMillion":[0,0,0,0,0,0,0,0,0,0,0,0,0,0,0,0,0,0,0,0,0,0,0,0,0,0,0,0,0,0,0,0,0,0,0,0,0,0,0,0,0,0,0,0,0,0,0,0,0,0,0,0,0,0,0,0,0,0,0,0,0,0,0,0.04131097,0.04131097,0.04131097,0.04131097,0.04131097,0.12393292,0.12393292,0.20655486,0.20655486,0.20655486,0.33048778,0.41310972,0.41310972,0.4544207,0.4544207,0.4544207,0.4544207,0.4544207,0.49573167,0.49573167,0.57835361,0.57835361,0.57835361,0.7435975,0.78490847,0.82621945,0.82621945,0.82621945,0.90884139,0.99146334,0.99146334,1.11539625,1.1980182,1.1980182,1.28064014,1.32195111,1.32195111,1.36326209,1.44588403,1.487195,1.52850598,1.56981695,1.56981695,1.73506084,1.81768278,1.85899375,1.90030473,1.90030473,1.9416157,2.02423764,2.06554862,2.10685959,2.10685959,2.2307925,2.27210348,2.27210348,2.39603639,2.47865834,2.47865834,2.51996931,2.51996931,2.56128028,2.60259126,2.60259126,2.64390223,2.64390223,2.64390223,2.64390223,2.6852132,2.6852132,2.6852132,2.6852132,2.6852132,2.6852132,2.6852132,2.6852132,2.6852132,2.6852132,2.6852132,2.6852132,2.72652417,2.72652417,2.72652417,2.72652417,2.76783514,2.76783514,2.76783514,2.76783514,2.76783514,2.76783514,2.76783514,2.76783514,2.76783514,2.76783514,2.76783514,2.76783514,2.76783514,2.76783514,2.76783514,2.80914612,2.80914612,2.80914612,2.80914612,2.80914612,2.80914612,2.80914612,2.80914612,2.80914612,2.80914612,2.80914612,2.80914612,2.80914612,2.85045709,2.85045709,2.85045709,2.85045709,2.85045709,2.85045709,2.85045709,2.85045709,2.85045709,2.85045709,2.85045709,2.85045709,2.85045709,2.85045709,2.85045709,2.85045709,2.85045709,2.85045709,2.85045709,2.85045709,2.85045709,2.85045709,2.85045709,2.85045709,2.85045709,2.85045709,2.85045709,2.85045709,2.85045709,2.85045709,2.85045709,2.85045709,2.85045709,2.85045709,2.85045709,2.85045709,2.85045709,2.85045709,2.85045709,2.85045709,2.85045709,2.85045709,2.85045709,2.85045709,2.85045709,2.85045709,2.85045709,2.85045709,2.85045709,2.85045709,2.85045709,2.85045709,2.85045709,2.85045709,2.85045709,2.85045709,2.85045709,2.85045709,2.85045709,2.85045709,2.85045709,2.85045709,2.85045709,2.85045709,2.85045709,2.85045709,2.85045709,2.85045709,2.85045709,2.85045709,2.85045709,2.85045709,2.85045709,2.85045709,2.85045709,2.85045709,2.85045709,2.85045709,2.85045709,2.85045709,2.85045709,2.85045709,2.85045709,2.85045709,2.85045709,2.85045709,2.85045709,2.85045709,2.85045709,2.85045709,2.85045709,2.85045709,2.85045709,2.85045709,2.85045709,2.85045709,2.85045709,2.85045709,2.85045709,2.85045709,2.85045709,2.85045709,2.85045709,2.85045709,2.85045709,2.85045709,2.85045709,2.85045709,2.85045709,2.85045709,2.85045709,2.85045709,2.85045709,2.85045709,2.85045709,2.85045709,2.85045709,2.85045709,2.85045709,2.85045709,2.85045709,2.85045709,2.89176806,2.89176806,2.89176806,2.89176806,2.89176806,2.89176806,2.89176806,2.89176806,2.89176806],"dailyDeaths":[0,0,0,0,0,0,0,0,0,0,0,0,0,0,0,0,0,0,0,0,0,0,0,0,0,0,0,0,0,0,0,0,0,0,0,0,0,0,0,0,0,0,0,0,0,0,0,0,0,0,0,0,0,0,0,0,0,0,0,0,0,0,0,1,0,0,0,0,2,0,2,0,0,3,2,0,1,0,0,0,0,1,0,2,0,0,4,1,1,0,0,2,2,0,3,2,0,2,1,0,1,2,1,1,1,0,4,2,1,1,0,1,2,1,1,0,3,1,0,3,2,0,1,0,1,1,0,1,0,0,0,1,0,0,0,0,0,0,0,0,0,0,0,1,0,0,0,1,0,0,0,0,0,0,0,0,0,0,0,0,0,0,1,0,0,0,0,0,0,0,0,0,0,0,0,1,0,0,0,0,0,0,0,0,0,0,0,0,0,0,0,0,0,0,0,0,0,0,0,0,0,0,0,0,0,0,0,0,0,0,0,0,0,0,0,0,0,0,0,0,0,0,0,0,0,0,0,0,0,0,0,0,0,0,0,0,0,0,0,0,0,0,0,0,0,0,0,0,0,0,0,0,0,0,0,0,0,0,0,0,0,0,0,0,0,0,0,0,0,0,0,0,0,0,0,0,0,0,0,0,0,0,0,0,0,0,0,0,0,0,0,0,0,0,0,0,0,1,0,0,0,0,0,0,0,0],"dailyDeathsPerMillion":[0,0,0,0,0,0,0,0,0,0,0,0,0,0,0,0,0,0,0,0,0,0,0,0,0,0,0,0,0,0,0,0,0,0,0,0,0,0,0,0,0,0,0,0,0,0,0,0,0,0,0,0,0,0,0,0,0,0,0,0,0,0,0,0.04131097,0,0,0,0,0.08262194,0,0.08262194,0,0,0.12393292,0.08262194,0,0.04131097,0,0,0,0,0.04131097,0,0.08262194,0,0,0.16524389,0.04131097,0.04131097,0,0,0.08262194,0.08262194,0,0.12393292,0.08262194,0,0.08262194,0.04131097,0,0.04131097,0.08262194,0.04131097,0.04131097,0.04131097,0,0.16524389,0.08262194,0.04131097,0.04131097,0,0.04131097,0.08262194,0.04131097,0.04131097,0,0.12393292,0.04131097,0,0.12393292,0.08262194,0,0.04131097,0,0.04131097,0.04131097,0,0.04131097,0,0,0,0.04131097,0,0,0,0,0,0,0,0,0,0,0,0.04131097,0,0,0,0.04131097,0,0,0,0,0,0,0,0,0,0,0,0,0,0,0.04131097,0,0,0,0,0,0,0,0,0,0,0,0,0.04131097,0,0,0,0,0,0,0,0,0,0,0,0,0,0,0,0,0,0,0,0,0,0,0,0,0,0,0,0,0,0,0,0,0,0,0,0,0,0,0,0,0,0,0,0,0,0,0,0,0,0,0,0,0,0,0,0,0,0,0,0,0,0,0,0,0,0,0,0,0,0,0,0,0,0,0,0,0,0,0,0,0,0,0,0,0,0,0,0,0,0,0,0,0,0,0,0,0,0,0,0,0,0,0,0,0,0,0,0,0,0,0,0,0,0,0,0,0,0,0,0,0,0.04131097,0,0,0,0,0,0,0,0],"cumulativeConfirmedCases":[0,0,0,0,0,0,0,0,0,0,0,0,0,0,0,0,0,0,0,0,0,0,0,0,0,0,0,0,0,0,0,0,0,0,0,0,0,0,0,0,0,0,0,0,0,0,0,0,0,0,0,0,0,0,0,0,0,0,1,1,2,3,3,7,10,10,10,18,27,27,74,98,120,144,184,253,278,342,410,438,491,529,529,570,584,584,627,639,648,648,657,662,671,681,684,696,701,709,713,719,728,736,750,755,763,770,781,795,815,821,832,854,860,876,885,889,904,909,914,920,924,937,943,945,951,952,952,955,955,956,958,958,960,961,963,966,970,973,973,974,974,974,978,980,980,980,1016,1020,1020,1020,1035,1036,1046,1051,1051,1056,1059,1062,1074,1075,1075,1075,1081,1082,1082,1088,1093,1094,1097,1097,1099,1099,1099,1099,1099,1100,1102,1102,1104,1104,1105,1113,1122,1124,1124,1124,1132,1132,1132,1132,1134,1134,1136,1147,1152,1152,1152,1153,1153,1157,1158,1158,1158,1161,1161,1161,1165,1167,1167,1167,1167,1169,1172,1172,1172,1172,1173,1173,1173,1175,1175,1175,1176,1176,1176,1177,1177,1177,1177,1177,1178,1178,1178,1178,1178,1180,1180,1182,1182,1183,1183,1183,1188,1189,1193,1193,1194,1194,1194,1196,1196,1196,1197,1197,1198,1200,1200,1200,1200,1200,1201,1201,1201,1201,1202,1203,1205,1207,1209,1209,1210,1211,1212,1214,1215,1215,1215,1215,1215,1218,1218,1219,1220,1220,1221,1222,1222,1225,1226,1230,1242,1243,1246,1256,1263,1282,1289,1301,1307,1316,1327,1331,1335,1340,1351,1368],