{"cumulativeDeaths":[0,0,0,0,0,0,0,0,0,0,0,0,0,0,0,0,0,0,0,0,0,0,0,0,0,0,0,0,0,0,0,0,0,0,0,0,0,0,0,0,0,0,0,0,0,0,0,0,0,0,0,0,0,0,0,0,0,0,0,0,0,0,0,0,0,0,0,0,0,0,0,0,0,0,0,0,0,0,0,0,0,0,0,0,0,0,0,0,0,0,0,0,0,0,0,0,0,0,0,0,0,0,0,0,0,0,0,0,0,0,0,0,0,0,0,0,0,0,0,0,0,0,0,0,0,0,0,0,0,0,0,0,0,0,0,0,0,0,0,0,0,0,0,0,0,0,0,0,0,0,0,0,0,0,0,0,0,0,0,0,0,0,0,0,0,0,0,0,0,0,0,0,0,0,0,0,0,0,0,0,0,0,0,0,0,0,0,0,0,1,2,2,2,2,2,2,2,3,3,3,3,3,3,3,3,3,3,3,3,3,3,4,4,4,4,4,4,4,4,5,5,5,5,5,5,5,5,5,5,5,5,5,5,5,5,6,6,6,6,6,6,6,7,7,7,7,7,7,7,7,7,7,7,7,7,7,7,7,7,7,7,7,7,7,7,7,7,7,7,7,7,7,7,7,7,7,7,7,7,7,7,7,7,7,7,7,7,7,7,7,7,7,7,7,7,7,7,7,7,7,7,7,7,7,7,7],"cumulativeDeathsPerMillion":[0,0,0,0,0,0,0,0,0,0,0,0,0,0,0,0,0,0,0,0,0,0,0,0,0,0,0,0,0,0,0,0,0,0,0,0,0,0,0,0,0,0,0,0,0,0,0,0,0,0,0,0,0,0,0,0,0,0,0,0,0,0,0,0,0,0,0,0,0,0,0,0,0,0,0,0,0,0,0,0,0,0,0,0,0,0,0,0,0,0,0,0,0,0,0,0,0,0,0,0,0,0,0,0,0,0,0,0,0,0,0,0,0,0,0,0,0,0,0,0,0,0,0,0,0,0,0,0,0,0,0,0,0,0,0,0,0,0,0,0,0,0,0,0,0,0,0,0,0,0,0,0,0,0,0,0,0,0,0,0,0,0,0,0,0,0,0,0,0,0,0,0,0,0,0,0,0,0,0,0,0.11176901,0.11176901,0,0,0,0,0,0,0,0.11176901,0.22353802,0.22353802,0.22353802,0.22353802,0.22353802,0.22353802,0.22353802,0.33530702,0.33530702,0.33530702,0.33530702,0.33530702,0.33530702,0.33530702,0.33530702,0.33530702,0.33530702,0.33530702,0.33530702,0.33530702,0.33530702,0.44707603,0.44707603,0.44707603,0.44707603,0.44707603,0.44707603,0.44707603,0.44707603,0.55884504,0.55884504,0.55884504,0.55884504,0.55884504,0.55884504,0.55884504,0.55884504,0.55884504,0.55884504,0.55884504,0.55884504,0.55884504,0.55884504,0.55884504,0.55884504,0.67061405,0.67061405,0.67061405,0.67061405,0.67061405,0.67061405,0.67061405,0.78238306,0.78238306,0.78238306,0.78238306,0.78238306,0.78238306,0.78238306,0.78238306,0.78238306,0.78238306,0.78238306,0.78238306,0.78238306,0.78238306,0.78238306,0.78238306,0.78238306,0.78238306,0.78238306,0.78238306,0.78238306,0.78238306,0.78238306,0.78238306,0.78238306,0.78238306,0.78238306,0.78238306,0.78238306,0.78238306,0.78238306,0.78238306,0.78238306,0.78238306,0.78238306,0.78238306,0.78238306,0.78238306,0.78238306,0.78238306,0.78238306,0.78238306,0.78238306,0.78238306,0.78238306,0.78238306,0.78238306,0.78238306,0.78238306,0.78238306,0.78238306,0.78238306,0.78238306,0.78238306,0.78238306,0.78238306,0.78238306,0.78238306,0.78238306,0.78238306,0.78238306,0.78238306,0.78238306,0.78238306],"dailyDeaths":[0,0,0,0,0,0,0,0,0,0,0,0,0,0,0,0,0,0,0,0,0,0,0,0,0,0,0,0,0,0,0,0,0,0,0,0,0,0,0,0,0,0,0,0,0,0,0,0,0,0,0,0,0,0,0,0,0,0,0,0,0,0,0,0,0,0,0,0,0,0,0,0,0,0,0,0,0,0,0,0,0,0,0,0,0,0,0,0,0,0,0,0,0,0,0,0,0,0,0,0,0,0,0,0,0,0,0,0,0,0,0,0,0,0,0,0,0,0,0,0,0,0,0,0,0,0,0,0,0,0,0,0,0,0,0,0,0,0,0,0,0,0,0,0,0,0,0,0,0,0,0,0,0,0,0,0,0,0,0,0,0,0,0,0,0,0,0,0,0,0,0,0,0,0,0,0,0,0,0,0,0,0,0,0,0,0,0,0,0,1,1,0,0,0,0,0,0,1,0,0,0,0,0,0,0,0,0,0,0,0,0,1,0,0,0,0,0,0,0,1,0,0,0,0,0,0,0,0,0,0,0,0,0,0,0,1,0,0,0,0,0,0,1,0,0,0,0,0,0,0,0,0,0,0,0,0,0,0,0,0,0,0,0,0,0,0,0,0,0,0,0,0,0,0,0,0,0,0,0,0,0,0,0,0,0,0,0,0,0,0,0,0,0,0,0,0,0,0,0,0,0,0,0,0,0,0],"dailyDeathsPerMillion":[0,0,0,0,0,0,0,0,0,0,0,0,0,0,0,0,0,0,0,0,0,0,0,0,0,0,0,0,0,0,0,0,0,0,0,0,0,0,0,0,0,0,0,0,0,0,0,0,0,0,0,0,0,0,0,0,0,0,0,0,0,0,0,0,0,0,0,0,0,0,0,0,0,0,0,0,0,0,0,0,0,0,0,0,0,0,0,0,0,0,0,0,0,0,0,0,0,0,0,0,0,0,0,0,0,0,0,0,0,0,0,0,0,0,0,0,0,0,0,0,0,0,0,0,0,0,0,0,0,0,0,0,0,0,0,0,0,0,0,0,0,0,0,0,0,0,0,0,0,0,0,0,0,0,0,0,0,0,0,0,0,0,0,0,0,0,0,0,0,0,0,0,0,0,0,0,0,0,0,0,0,0,0,0,0,0,0,0,0,0.11176901,0.11176901,0,0,0,0,0,0,0.11176901,0,0,0,0,0,0,0,0,0,0,0,0,0,0.11176901,0,0,0,0,0,0,0,0.11176901,0,0,0,0,0,0,0,0,0,0,0,0,0,0,0,0.11176901,0,0,0,0,0,0,0.11176901,0,0,0,0,0,0,0,0,0,0,0,0,0,0,0,0,0,0,0,0,0,0,0,0,0,0,0,0,0,0,0,0,0,0,0,0,0,0,0,0,0,0,0,0,0,0,0,0,0,0,0,0,0,0,0,0,0,0,0,0,0,0,0],"cumulativeConfirmedCases":[0,0,0,0,0,0,0,0,0,0,0,0,0,0,0,0,0,0,0,0,0,0,0,0,0,0,0,0,0,0,0,0,0,0,0,0,0,0,0,0,0,0,0,0,0,0,0,0,0,0,0,0,0,0,0,0,0,0,1,1,1,1,1,1,1,1,1,1,1,1,1,1,1,1,1,2,2,2,2,2,2,2,2,2,2,7,7,7,7,7,7,8,8,8,8,8,8,8,8,8,8,8,8,8,8,8,8,8,8,8,8,8,8,8,8,8,8,8,8,8,8,8,8,8,8,8,8,8,8,8,8,8,8,8,8,8,8,8,8,8,8,8,8,8,8,8,8,8,8,8,8,8,9,9,10,10,11,11,11,11,11,11,11,11,11,11,11,11,11,11,11,11,11,11,11,11,11,15,16,16,19,27,30,31,32,39,62,62,63,63,63,72,91,110,111,114,153,163,188,188,214,214,214,271,271,271,271,323,333,347,347,361,361,361,401,401,419,419,424,453,453,459,459,460,471,471,479,488,497,497,503,504,507,508,508,510,511,511,516,516,516,516,517,517,527,527,531,532,532,532,532,534,534,539,539,540,540,540,541,541,549,549,549,554,565,565,578,578,578,581,581,581,581,581,583,583,583,583,588,588,588,589,589,589,589,590,597,597,597,597,597,599,599,599,599,599,600,600,602,602,602,604,604,604,604,604],"cumulativeConfirmedCasesPerMillion":[0,0,0,0,0,0,0,0,0,0,0,0,0,0,0,0,0,0,0,0,0,0,0,0,0,0,0,0,0,0,0,0,0,0,0,0,0,0,0,0,0,0,0,0,0,0,0,0,0,0,0,0,0,0,0,0,0,0,0.11176901,0.11176901,0.11176901,0.11176901,0.11176901,0.11176901,0.11176901,0.11176901,0.11176901,0.11176901,0.11176901,0.11176901,0.11176901,0.11176901,0.11176901,0.11176901,0.11176901,0.22353802,0.22353802,0.22353802,0.22353802,0.22353802,0.22353802,0.22353802,0.22353802,0.22353802,0.22353802,0.78238306,0.78238306,0.78238306,0.78238306,0.78238306,0.78238306,0.89415207,0.89415207,0.89415207,0.89415207,0.89415207,0.89415207,0.89415207,0.89415207,0.89415207,0.89415207,0.89415207,0.89415207,0.89415207,0.89415207,0.89415207,0.89415207,0.89415207,0.89415207,0.89415207,0.89415207,0.89415207,0.89415207,0.89415207,0.89415207,0.89415207,0.89415207,0.89415207,0.89415207,0.89415207,0.89415207,0.89415207,0.89415207,0.89415207,0.89415207,0.89415207,0.89415207,0.89415207,0.89415207,0.89415207,0.89415207,0.89415207,0.89415207,0.89415207,0.89415207,0.89415207,0.89415207,0.89415207,0.89415207,0.89415207,0.89415207,0.89415207,0.89415207,0.89415207,0.89415207,0.89415207,0.89415207,0.89415207,0.89415207,0.89415207,0.89415207,0.89415207,1.00592107,1.00592107,1.11769008,1.11769008,1.22945909,1.22945909,1.22945909,1.22945909,1.22945909,1.22945909,1.22945909,1.22945909,1.22945909,1.22945909,1.22945909,1.22945909,1.22945909,1.22945909,1.22945909,1.22945909,1.22945909,1.22945909,1.22945909,1.22945909,1.22945909,1.67653512,1.78830413,1.78830413,2.12361116,3.01776322,3.35307025,3.46483926,3.57660827,4.35899132,6.92967852,6.92967852,7.04144752,7.04144752,7.04144752,8.0473686,10.17097976,12.29459092,12.40635992,12.74166695,17.10065827,18.21834836,21.01257357,21.01257357,23.91856778,23.91856778,23.91856778,32.07770539,30.28940126,30.28940126,30.28940126,36.10138969,37.21907977,38.78384589,38.78384589,40.34861201,40.34861201,40.34861201,44.81937234,44.81937234,46.83121449,46.83121449,47.39005953,50.63136077,50.63136077,51.30197482,51.30197482,51.41374383,52.64320292,52.64320292,53.53735499,54.54327607,55.54919714,55.54919714,56.21981119,56.3315802,56.66688722,56.77865623,56.77865623,57.00219425,57.11396326,57.11396326,57.6728083,57.6728083,57.6728083,57.6728083,57.78457731,57.78457731,58.90226739,58.90226739,59.34934342,59.46111243,59.46111243,59.46111243,59.46111243,59.68465045,59.68465045,60.24349549,60.24349549,60.3552645,60.3552645,60.3552645,60.46703351,60.46703351,61.36118557,61.36118557,61.36118557,61.92003062,63.14948971,63.14948971,64.60248682,64.60248682,64.60248682,64.93779384,64.93779384,64.93779384,64.93779384,64.93779384,65.16133186,65.16133186,65.16133186,65.16133186,65.7201769,65.7201769,65.7201769,65.83194591,65.83194591,65.83194591,65.83194591,65.94371492,66.72609797,66.72609797,66.72609797,66.72609797,66.72609797,66.94963599,66.94963599,66.94963599,66.94963599,66.94963599,67.061405,67.061405,67.28494302,67.28494302,67.28494302,67.50848103,67.50848103,67.50848103,67.50848103,67.50848103],