{"cumulativeDeaths":[0,0,0,0,0,0,0,0,0,0,0,0,0,0,0,0,0,0,0,0,0,0,0,0,0,1,1,1,1,1,1,1,1,1,1,1,1,1,1,1,1,1,1,1,1,1,1,1,1,1,1,1,1,1,1,1,1,1,2,2,2,2,2,2,2,2,2,2,5,5,5,5,5,5,5,5,5,5,5,6,6,6,6,6,6,6,6,6,6,6,6,6,6,6,6,6,6,6,6,6,6,6,6,6,6,6,6,6,6,6,7,7,7,7,7,7,7,7,7,7,7,7,7,7,7,7,7,7,7,7,7,7,7,7,7,7,7,7,7,7,7,7,7,7,7,7,7,7,7,7,7,7,7,7,7,7,7,7,7,7,7,7,7,7,7,7,7,7,7,7,7,7,7,7,7,7,7,7,7,7,7,7,7,7,7,7,7,7,7,7,7,7,7,7,7,7,7,7,7,7,7,7,7,7,7,7,7,7,7,7,7,7,7,7,7,7,7,7,7,7,7,7,7,7,7,7,7,7,7,7,7,7,7,7,7,7,7,7,7,7,7,7,7,7,7,7,7,7,7,7,7,7,7,7,7,7,7,7,7,7,7,7,7,7,7,7,7,7,7,7,7,7,7,7,7,7,7,7,7,7,7,7,7,7,7,7,7,7,7,7,7,7,7,7,7,7,7,7,7,7,7,7,7],"cumulativeDeathsPerMillion":[0,0,0,0,0,0,0,0,0,0,0,0,0,0,0,0,0,0,0,0,0,0,0,0,0,0.04198721,0.04198721,0.04198721,0.04198721,0.04198721,0.04198721,0.04198721,0.04198721,0.04198721,0.04198721,0.04198721,0.04198721,0.04198721,0.04198721,0.04198721,0.04198721,0.04198721,0.04198721,0.04198721,0.04198721,0.04198721,0.04198721,0.04198721,0.04198721,0.04198721,0.04198721,0.04198721,0.04198721,0.04198721,0.04198721,0.04198721,0.04198721,0.04198721,0.08397443,0.08397443,0.08397443,0.08397443,0.08397443,0.08397443,0.08397443,0.08397443,0.08397443,0.08397443,0.20993606,0.20993606,0.20993606,0.20993606,0.20993606,0.20993606,0.20993606,0.20993606,0.20993606,0.20993606,0.20993606,0.25192328,0.25192328,0.25192328,0.25192328,0.25192328,0.25192328,0.25192328,0.25192328,0.25192328,0.25192328,0.25192328,0.25192328,0.25192328,0.25192328,0.25192328,0.25192328,0.25192328,0.25192328,0.25192328,0.25192328,0.25192328,0.25192328,0.25192328,0.25192328,0.25192328,0.25192328,0.25192328,0.25192328,0.25192328,0.25192328,0.25192328,0.29391049,0.29391049,0.29391049,0.29391049,0.29391049,0.29391049,0.29391049,0.29391049,0.29391049,0.29391049,0.29391049,0.29391049,0.29391049,0.29391049,0.29391049,0.29391049,0.29391049,0.29391049,0.29391049,0.29391049,0.29391049,0.29391049,0.29391049,0.29391049,0.29391049,0.29391049,0.29391049,0.29391049,0.29391049,0.29391049,0.29391049,0.29391049,0.29391049,0.29391049,0.29391049,0.29391049,0.29391049,0.29391049,0.29391049,0.29391049,0.29391049,0.29391049,0.29391049,0.29391049,0.29391049,0.29391049,0.29391049,0.29391049,0.29391049,0.29391049,0.29391049,0.29391049,0.29391049,0.29391049,0.29391049,0.29391049,0.29391049,0.29391049,0.29391049,0.29391049,0.29391049,0.29391049,0.29391049,0.29391049,0.29391049,0.29391049,0.29391049,0.29391049,0.29391049,0.29391049,0.29391049,0.29391049,0.29391049,0.29391049,0.29391049,0.29391049,0.29391049,0.29391049,0.29391049,0.29391049,0.29391049,0.29391049,0.29391049,0.29391049,0.29391049,0.29391049,0.29391049,0.29391049,0.29391049,0.29391049,0.29391049,0.29391049,0.29391049,0.29391049,0.29391049,0.29391049,0.29391049,0.29391049,0.29391049,0.29391049,0.29391049,0.29391049,0.29391049,0.29391049,0.29391049,0.29391049,0.29391049,0.29391049,0.29391049,0.29391049,0.29391049,0.29391049,0.29391049,0.29391049,0.29391049,0.29391049,0.29391049,0.29391049,0.29391049,0.29391049,0.29391049,0.29391049,0.29391049,0.29391049,0.29391049,0.29391049,0.29391049,0.29391049,0.29391049,0.29391049,0.29391049,0.29391049,0.29391049,0.29391049,0.29391049,0.29391049,0.29391049,0.29391049,0.29391049,0.29391049,0.29391049,0.29391049,0.29391049,0.29391049,0.29391049,0.29391049,0.29391049,0.29391049,0.29391049,0.29391049,0.29391049,0.29391049,0.29391049,0.29391049,0.29391049,0.29391049,0.29391049,0.29391049,0.29391049,0.29391049,0.29391049,0.29391049,0.29391049,0.29391049,0.29391049,0.29391049,0.29391049,0.29391049,0.29391049,0.29391049,0.29391049,0.29391049,0.29391049,0.29391049,0.29391049,0.29391049,0.29391049,0.29391049,0.29391049,0.29391049,0.29391049,0.29391049,0.29391049,0.29391049,0.29391049,0.29391049,0.29391049,0.29391049,0.29391049,0.29391049,0.29391049,0.29391049,0.29391049],"dailyDeaths":[0,0,0,0,0,0,0,0,0,0,0,0,0,0,0,0,0,0,0,0,0,0,0,0,0,1,0,0,0,0,0,0,0,0,0,0,0,0,0,0,0,0,0,0,0,0,0,0,0,0,0,0,0,0,0,0,0,0,1,0,0,0,0,0,0,0,0,0,3,0,0,0,0,0,0,0,0,0,0,1,0,0,0,0,0,0,0,0,0,0,0,0,0,0,0,0,0,0,0,0,0,0,0,0,0,0,0,0,0,0,1,0,0,0,0,0,0,0,0,0,0,0,0,0,0,0,0,0,0,0,0,0,0,0,0,0,0,0,0,0,0,0,0,0,0,0,0,0,0,0,0,0,0,0,0,0,0,0,0,0,0,0,0,0,0,0,0,0,0,0,0,0,0,0,0,0,0,0,0,0,0,0,0,0,0,0,0,0,0,0,0,0,0,0,0,0,0,0,0,0,0,0,0,0,0,0,0,0,0,0,0,0,0,0,0,0,0,0,0,0,0,0,0,0,0,0,0,0,0,0,0,0,0,0,0,0,0,0,0,0,0,0,0,0,0,0,0,0,0,0,0,0,0,0,0,0,0,0,0,0,0,0,0,0,0,0,0,0,0,0,0,0,0,0,0,0,0,0,0,0,0,0,0,0,0,0,0,0,0,0,0,0,0,0,0,0,0,0,0,0,0,0,0],"dailyDeathsPerMillion":[0,0,0,0,0,0,0,0,0,0,0,0,0,0,0,0,0,0,0,0,0,0,0,0,0,0.04198721,0,0,0,0,0,0,0,0,0,0,0,0,0,0,0,0,0,0,0,0,0,0,0,0,0,0,0,0,0,0,0,0,0.04198721,0,0,0,0,0,0,0,0,0,0.12596164,0,0,0,0,0,0,0,0,0,0,0.04198721,0,0,0,0,0,0,0,0,0,0,0,0,0,0,0,0,0,0,0,0,0,0,0,0,0,0,0,0,0,0,0.04198721,0,0,0,0,0,0,0,0,0,0,0,0,0,0,0,0,0,0,0,0,0,0,0,0,0,0,0,0,0,0,0,0,0,0,0,0,0,0,0,0,0,0,0,0,0,0,0,0,0,0,0,0,0,0,0,0,0,0,0,0,0,0,0,0,0,0,0,0,0,0,0,0,0,0,0,0,0,0,0,0,0,0,0,0,0,0,0,0,0,0,0,0,0,0,0,0,0,0,0,0,0,0,0,0,0,0,0,0,0,0,0,0,0,0,0,0,0,0,0,0,0,0,0,0,0,0,0,0,0,0,0,0,0,0,0,0,0,0,0,0,0,0,0,0,0,0,0,0,0,0,0,0,0,0,0,0,0,0,0,0,0,0,0,0,0,0,0,0,0,0,0,0,0,0,0,0,0,0,0,0,0,0,0,0,0,0,0,0,0,0,0,0],"cumulativeConfirmedCases":[1,1,3,3,4,5,8,8,9,10,10,10,10,11,11,16,16,17,18,18,18,18,18,18,18,20,22,22,23,24,26,26,28,30,31,32,32,34,39,40,41,42,42,44,45,45,45,45,47,48,49,50,53,59,67,77,100,108,135,153,169,195,215,235,252,267,283,298,306,322,329,339,348,355,363,373,376,379,380,382,385,388,393,393,395,395,395,398,420,422,425,426,427,428,429,429,429,429,429,429,429,432,436,438,438,439,440,440,440,440,440,440,440,440,440,440,440,440,440,440,440,441,441,441,441,441,441,441,442,442,442,443,443,443,443,443,443,443,443,443,443,443,443,443,443,445,445,445,446,446,446,446,446,446,446,447,447,447,447,447,447,447,448,449,449,449,449,449,449,449,449,451,451,451,451,451,451,451,451,451,451,451,455,455,458,458,458,462,467,467,467,467,474,474,474,476,476,477,477,477,477,477,480,481,481,481,482,484,485,486,486,486,487,487,487,487,487,487,487,487,488,488,488,488,489,489,490,492,493,494,495,495,496,498,498,498,499,499,500,503,503,506,507,509,509,509,509,510,510,510,513,513,514,515,517,517,517,518,521,523,524,527,527,527,529,530,530,531,535,535,535,540,543,544,548,548,550,550,550,550,550,553,554,555,558,563,567,568,569,573,573,577,578,580,584,589,597,600,602,603,605,607,609],