{"cumulativeDeaths":[0,0,0,0,0,0,0,0,0,0,0,0,0,0,0,0,0,0,0,0,0,0,0,0,0,0,0,0,0,0,0,0,0,0,0,0,0,0,0,0,0,0,0,0,0,0,0,0,0,0,0,0,0,0,0,0,0,0,0,0,0,0,0,0,0,0,0,0,0,0,0,0,0,0,0,0,0,0,0,0,0,0,0,0,0,0,0,0,0,0,0,0,0,0,0,0,0,0,0,0,0,0,0,0,0,0,0,0,0,0,0,0,0,0,0,0,0,0,0,0,0,0,0,0,0,0,0,0,0,0,0,0,0,0,0,0,0,0,0,0,0,0,0,0,0,0,0,0,0,0,0,0,0,0,0,0,0,0,0,0,0,0,0,0,0,0,0,0,0,0,0,0,0,0,0,0,0,0,0,0,0,0,0,0,0,0,0,0,0,0,0,0,0,0,0,0,0,0,0,0,0,0,0,0,0,0,0,0,0,0,0,0,0,0,0,0,0,0,0,0,0,0,0,0,0,0,0,0,0,0,0,0,0,0,0,0,0,0,0,0,0,0,0,0,0,0,0,0,0,0,0,0,0,0,0,0,0,0,0,0,0,0,0,0,0,0,0,0,0,0,0,0,0,0,0,0,0,0,0,0,0,0,0,0,0,0,0,0,0,0,0,0,0,0,1,1,1,1,1,1,2,2,3,3],"cumulativeDeathsPerMillion":[0,0,0,0,0,0,0,0,0,0,0,0,0,0,0,0,0,0,0,0,0,0,0,0,0,0,0,0,0,0,0,0,0,0,0,0,0,0,0,0,0,0,0,0,0,0,0,0,0,0,0,0,0,0,0,0,0,0,0,0,0,0,0,0,0,0,0,0,0,0,0,0,0,0,0,0,0,0,0,0,0,0,0,0,0,0,0,0,0,0,0,0,0,0,0,0,0,0,0,0,0,0,0,0,0,0,0,0,0,0,0,0,0,0,0,0,0,0,0,0,0,0,0,0,0,0,0,0,0,0,0,0,0,0,0,0,0,0,0,0,0,0,0,0,0,0,0,0,0,0,0,0,0,0,0,0,0,0,0,0,0,0,0,0,0,0,0,0,0,0,0,0,0,0,0,0,0,0,0,0,0,0,0,0,0,0,0,0,0,0,0,0,0,0,0,0,0,0,0,0,0,0,0,0,0,0,0,0,0,0,0,0,0,0,0,0,0,0,0,0,0,0,0,0,0,0,0,0,0,0,0,0,0,0,0,0,0,0,0,0,0,0,0,0,0,0,0,0,0,0,0,0,0,0,0,0,0,0,0,0,0,0,0,0,0,0,0,0,0,0,0,0,0,0,0,0,0,0,0,0,0,0,0,0,0,0,0,0,0,0,0,0,0,0,29.68151732,29.68151732,29.68151732,29.68151732,29.68151732,29.68151732,59.36303464,59.36303464,89.04455196,89.04455196],"dailyDeaths":[0,0,0,0,0,0,0,0,0,0,0,0,0,0,0,0,0,0,0,0,0,0,0,0,0,0,0,0,0,0,0,0,0,0,0,0,0,0,0,0,0,0,0,0,0,0,0,0,0,0,0,0,0,0,0,0,0,0,0,0,0,0,0,0,0,0,0,0,0,0,0,0,0,0,0,0,0,0,0,0,0,0,0,0,0,0,0,0,0,0,0,0,0,0,0,0,0,0,0,0,0,0,0,0,0,0,0,0,0,0,0,0,0,0,0,0,0,0,0,0,0,0,0,0,0,0,0,0,0,0,0,0,0,0,0,0,0,0,0,0,0,0,0,0,0,0,0,0,0,0,0,0,0,0,0,0,0,0,0,0,0,0,0,0,0,0,0,0,0,0,0,0,0,0,0,0,0,0,0,0,0,0,0,0,0,0,0,0,0,0,0,0,0,0,0,0,0,0,0,0,0,0,0,0,0,0,0,0,0,0,0,0,0,0,0,0,0,0,0,0,0,0,0,0,0,0,0,0,0,0,0,0,0,0,0,0,0,0,0,0,0,0,0,0,0,0,0,0,0,0,0,0,0,0,0,0,0,0,0,0,0,0,0,0,0,0,0,0,0,0,0,0,0,0,0,0,0,0,0,0,0,0,0,0,0,0,0,0,0,0,0,0,0,0,1,0,0,0,0,0,1,0,1,0],"dailyDeathsPerMillion":[0,0,0,0,0,0,0,0,0,0,0,0,0,0,0,0,0,0,0,0,0,0,0,0,0,0,0,0,0,0,0,0,0,0,0,0,0,0,0,0,0,0,0,0,0,0,0,0,0,0,0,0,0,0,0,0,0,0,0,0,0,0,0,0,0,0,0,0,0,0,0,0,0,0,0,0,0,0,0,0,0,0,0,0,0,0,0,0,0,0,0,0,0,0,0,0,0,0,0,0,0,0,0,0,0,0,0,0,0,0,0,0,0,0,0,0,0,0,0,0,0,0,0,0,0,0,0,0,0,0,0,0,0,0,0,0,0,0,0,0,0,0,0,0,0,0,0,0,0,0,0,0,0,0,0,0,0,0,0,0,0,0,0,0,0,0,0,0,0,0,0,0,0,0,0,0,0,0,0,0,0,0,0,0,0,0,0,0,0,0,0,0,0,0,0,0,0,0,0,0,0,0,0,0,0,0,0,0,0,0,0,0,0,0,0,0,0,0,0,0,0,0,0,0,0,0,0,0,0,0,0,0,0,0,0,0,0,0,0,0,0,0,0,0,0,0,0,0,0,0,0,0,0,0,0,0,0,0,0,0,0,0,0,0,0,0,0,0,0,0,0,0,0,0,0,0,0,0,0,0,0,0,0,0,0,0,0,0,0,0,0,0,0,0,29.68151732,0,0,0,0,0,29.68151732,0,29.68151732,0],"cumulativeConfirmedCases":[0,0,0,0,0,0,0,0,0,0,0,0,0,0,0,0,0,0,0,0,0,0,0,0,0,0,0,0,0,0,0,0,0,0,0,0,0,0,0,0,0,0,1,1,1,1,1,1,1,1,1,1,1,1,1,3,8,10,10,10,15,15,15,26,35,55,56,65,69,69,81,88,95,98,103,109,113,120,123,127,129,129,129,129,131,131,132,132,132,132,132,132,133,133,136,141,141,141,141,144,144,144,144,144,144,144,144,146,146,146,147,147,147,147,147,147,147,147,147,149,151,151,152,154,154,154,157,158,161,169,170,170,172,173,173,174,175,176,176,176,176,176,176,176,176,176,176,176,176,176,176,176,176,176,176,176,176,177,177,177,177,178,178,178,178,179,179,179,179,180,180,180,180,180,180,180,180,180,180,180,180,180,182,184,184,185,185,185,186,186,187,187,188,188,188,189,189,190,190,197,201,201,202,203,205,206,209,215,217,222,223,229,231,239,246,248,256,270,272,274,275,285,288,290,295,298,305,312,315,315,320,322,323,323,327,330,330,334,340,343,346,350,350,350,355,357,361,364,372,379,382,391,396,410,416,428,432,432,437,445,452,468,476,485,486,499,516,531,544,558,571,577,608,621,630,641,660,667,670,679,682,688,693,697,703,707,730,743,754,770,785,793,805,814,842,864,876,887,902,907,915,926,931,943],"cumulativeConfirmedCasesPerMillion":[0,0,0,0,0,0,0,0,0,0,0,0,0,0,0,0,0,0,0,0,0,0,0,0,0,0,0,0,0,0,0,0,0,0,0,0,0,0,0,0,0,0,29.68151732,29.68151732,29.68151732,29.68151732,29.68151732,29.68151732,29.68151732,29.68151732,29.68151732,29.68151732,29.68151732,29.68151732,29.68151732,89.04455196,237.45213855,296.81517319,296.81517319,296.81517319,445.22275979,445.22275979,445.22275979,771.7194503,1038.85310617,1632.48345255,1662.16496987,1929.29862575,2048.02469502,2048.02469502,2404.20290285,2611.97352409,2819.74414532,2908.78869728,3057.19628387,3235.28538779,3354.01145707,3561.7820783,3650.82663026,3769.55269953,3828.91573417,3828.91573417,3828.91573417,3828.91573417,3888.27876881,3888.27876881,3917.96028613,3917.96028613,3917.96028613,3917.96028613,3917.96028613,3917.96028613,3947.64180345,3947.64180345,4036.68635541,4185.093942,4185.093942,4185.093942,4185.093942,4274.13849396,4274.13849396,4274.13849396,4274.13849396,4274.13849396,4274.13849396,4274.13849396,4274.13849396,4333.5015286,4333.5015286,4333.5015286,4363.18304592,4392.86456324,4363.18304592,4363.18304592,4363.18304592,4363.18304592,4363.18304592,4363.18304592,4363.18304592,4422.54608056,4481.90911519,4481.90911519,4511.59063251,4570.95366715,4570.95366715,4570.95366715,4659.99821911,4689.67973643,4778.72428839,5016.17642694,5045.85794426,5045.85794426,5105.2209789,5134.90249622,5134.90249622,5164.58401353,5194.26553085,5223.94704817,5223.94704817,5223.94704817,5223.94704817,5223.94704817,5223.94704817,5223.94704817,5223.94704817,5223.94704817,5223.94704817,5223.94704817,5223.94704817,5223.94704817,5223.94704817,5223.94704817,5223.94704817,5223.94704817,5223.94704817,5223.94704817,5223.94704817,5253.62856549,5253.62856549,5253.62856549,5253.62856549,5283.31008281,5283.31008281,5283.31008281,5283.31008281,5312.99160013,5312.99160013,5312.99160013,5312.99160013,5342.67311745,5342.67311745,5342.67311745,5342.67311745,5342.67311745,5342.67311745,5342.67311745,5342.67311745,5342.67311745,5342.67311745,5342.67311745,5342.67311745,5342.67311745,5402.03615209,5461.39918673,5461.39918673,5491.08070405,5491.08070405,5491.08070405,5520.76222136,5520.76222136,5550.44373868,5550.44373868,5580.125256,5580.125256,5580.125256,5609.80677332,5609.80677332,5639.48829064,5639.48829064,5847.25891188,5965.98498115,5965.98498115,5995.66649847,6025.34801579,6084.71105043,6114.39256775,6203.43711971,6381.52622362,6440.88925826,6589.29684485,6618.97836217,6797.06746609,6856.43050073,7093.88263928,7301.65326051,7361.01629515,7598.46843371,8014.00967617,8073.37271081,8132.73574545,8162.41726277,8459.23243596,8548.27698792,8607.64002256,8756.04760915,8845.09216111,9052.86278235,9260.63340358,9349.67795554,9349.67795554,9498.08554213,9557.44857677,9587.13009409,9587.13009409,9705.85616337,9794.90071532,9794.90071532,9913.6267846,10091.71588852,10180.76044047,10269.80499243,10388.53106171,10388.53106171,10388.53106171,10536.9386483,10596.30168294,10715.02775222,10804.07230418,11041.52444273,11249.29506396,11338.33961592,11605.47327179,11753.88085839,12169.42210086,12347.51120477,12703.6894126,12822.41548188,12822.41548188,12970.82306848,13208.27520703,13416.04582826,13890.95010537,14128.40224392,14395.5358998,14425.21741711,14811.07714226,15315.66293669,15760.88569648,16146.74542163,16562.28666409,16948.14638924,17126.23549316,18046.36253005,18432.2222552,18699.35591107,19025.85260158,19589.80143065,19797.57205188,19886.61660384,20153.75025971,20242.79481167,20420.88391559,20569.29150218,20688.01757146,20866.10667537,20984.83274465,21667.50764299,22053.36736814,22379.86405865,22854.76833576,23299.99109554,23537.4432341,23893.62144193,24160.7550978,24991.83758274,25644.83096376,26001.00917159,26327.5058621,26772.72862189,26921.13620848,27158.58834704,27485.08503755,27633.49262414,27989.67083197],